<?xml version="1.0"?>
<Runs Version="1" Minor="0">
	<Run Id="lowlevel_core_processing_system7_0_0_synth_1" LaunchDir="/home/delta/project/controlToiletCleaner/controlToiletCleaner.runs/lowlevel_core_processing_system7_0_0_synth_1" FlowId="Vivado_Synthesis" FromStepId="vivado" ToStepId="vivado"/>
	<Run Id="lowlevel_core_proc_sys_reset_0_0_synth_1" LaunchDir="/home/delta/project/controlToiletCleaner/controlToiletCleaner.runs/lowlevel_core_proc_sys_reset_0_0_synth_1" FlowId="Vivado_Synthesis" FromStepId="vivado" ToStepId="vivado"/>
	<Run Id="lowlevel_core_auto_pc_0_synth_1" LaunchDir="/home/delta/project/controlToiletCleaner/controlToiletCleaner.runs/lowlevel_core_auto_pc_0_synth_1" FlowId="Vivado_Synthesis" FromStepId="vivado" ToStepId="vivado"/>
	<Run Id="lowlevel_core_AXI_Mux32_0_0_synth_1" LaunchDir="/home/delta/project/controlToiletCleaner/controlToiletCleaner.runs/lowlevel_core_AXI_Mux32_0_0_synth_1" FlowId="Vivado_Synthesis" FromStepId="vivado" ToStepId="vivado"/>
	<Run Id="synth_1" LaunchDir="/home/delta/project/controlToiletCleaner/controlToiletCleaner.runs/synth_1" FlowId="Vivado_Synthesis" FromStepId="vivado" ToStepId="vivado">
		<Parent Id="lowlevel_core_processing_system7_0_0_synth_1"/>
		<Parent Id="lowlevel_core_proc_sys_reset_0_0_synth_1"/>
		<Parent Id="lowlevel_core_auto_pc_0_synth_1"/>
		<Parent Id="lowlevel_core_AXI_Mux32_0_0_synth_1"/>
	</Run>
</Runs>

