<?xml version="1.0"?>
<Runs Version="1" Minor="0">
	<Run Id="lowlevel_core_duty_reg_0_2_synth_1" LaunchDir="/home/delta/project/controlToiletCleaner/controlToiletCleaner.runs/lowlevel_core_duty_reg_0_2_synth_1" FlowId="Vivado_Synthesis" FromStepId="vivado" ToStepId="vivado"/>
	<Run Id="lowlevel_core_pwm_controller_0_1_synth_1" LaunchDir="/home/delta/project/controlToiletCleaner/controlToiletCleaner.runs/lowlevel_core_pwm_controller_0_1_synth_1" FlowId="Vivado_Synthesis" FromStepId="vivado" ToStepId="vivado"/>
	<Run Id="lowlevel_core_comaprator_0_2_synth_1" LaunchDir="/home/delta/project/controlToiletCleaner/controlToiletCleaner.runs/lowlevel_core_comaprator_0_2_synth_1" FlowId="Vivado_Synthesis" FromStepId="vivado" ToStepId="vivado"/>
	<Run Id="lowlevel_core_counter_period_0_2_synth_1" LaunchDir="/home/delta/project/controlToiletCleaner/controlToiletCleaner.runs/lowlevel_core_counter_period_0_2_synth_1" FlowId="Vivado_Synthesis" FromStepId="vivado" ToStepId="vivado"/>
	<Run Id="lowlevel_core_duty_reg_0_3_synth_1" LaunchDir="/home/delta/project/controlToiletCleaner/controlToiletCleaner.runs/lowlevel_core_duty_reg_0_3_synth_1" FlowId="Vivado_Synthesis" FromStepId="vivado" ToStepId="vivado"/>
	<Run Id="lowlevel_core_pwm_controller_0_2_synth_1" LaunchDir="/home/delta/project/controlToiletCleaner/controlToiletCleaner.runs/lowlevel_core_pwm_controller_0_2_synth_1" FlowId="Vivado_Synthesis" FromStepId="vivado" ToStepId="vivado"/>
	<Run Id="lowlevel_core_comaprator_0_3_synth_1" LaunchDir="/home/delta/project/controlToiletCleaner/controlToiletCleaner.runs/lowlevel_core_comaprator_0_3_synth_1" FlowId="Vivado_Synthesis" FromStepId="vivado" ToStepId="vivado"/>
	<Run Id="lowlevel_core_counter_period_0_3_synth_1" LaunchDir="/home/delta/project/controlToiletCleaner/controlToiletCleaner.runs/lowlevel_core_counter_period_0_3_synth_1" FlowId="Vivado_Synthesis" FromStepId="vivado" ToStepId="vivado"/>
	<Run Id="lowlevel_core_duty_reg_0_4_synth_1" LaunchDir="/home/delta/project/controlToiletCleaner/controlToiletCleaner.runs/lowlevel_core_duty_reg_0_4_synth_1" FlowId="Vivado_Synthesis" FromStepId="vivado" ToStepId="vivado"/>
	<Run Id="lowlevel_core_pwm_controller_0_3_synth_1" LaunchDir="/home/delta/project/controlToiletCleaner/controlToiletCleaner.runs/lowlevel_core_pwm_controller_0_3_synth_1" FlowId="Vivado_Synthesis" FromStepId="vivado" ToStepId="vivado"/>
	<Run Id="lowlevel_core_mux_contorller_0_0_synth_1" LaunchDir="/home/delta/project/controlToiletCleaner/controlToiletCleaner.runs/lowlevel_core_mux_contorller_0_0_synth_1" FlowId="Vivado_Synthesis" FromStepId="vivado" ToStepId="vivado"/>
	<Run Id="lowlevel_core_counter_period_0_1_synth_1" LaunchDir="/home/delta/project/controlToiletCleaner/controlToiletCleaner.runs/lowlevel_core_counter_period_0_1_synth_1" FlowId="Vivado_Synthesis" FromStepId="vivado" ToStepId="vivado"/>
	<Run Id="lowlevel_core_comaprator_0_1_synth_1" LaunchDir="/home/delta/project/controlToiletCleaner/controlToiletCleaner.runs/lowlevel_core_comaprator_0_1_synth_1" FlowId="Vivado_Synthesis" FromStepId="vivado" ToStepId="vivado"/>
	<Run Id="lowlevel_core_duty_reg_0_0_synth_1" LaunchDir="/home/delta/project/controlToiletCleaner/controlToiletCleaner.runs/lowlevel_core_duty_reg_0_0_synth_1" FlowId="Vivado_Synthesis" FromStepId="vivado" ToStepId="vivado"/>
	<Run Id="lowlevel_core_pwm_controller_0_0_synth_1" LaunchDir="/home/delta/project/controlToiletCleaner/controlToiletCleaner.runs/lowlevel_core_pwm_controller_0_0_synth_1" FlowId="Vivado_Synthesis" FromStepId="vivado" ToStepId="vivado"/>
	<Run Id="lowlevel_core_counter_period_0_0_synth_1" LaunchDir="/home/delta/project/controlToiletCleaner/controlToiletCleaner.runs/lowlevel_core_counter_period_0_0_synth_1" FlowId="Vivado_Synthesis" FromStepId="vivado" ToStepId="vivado"/>
	<Run Id="lowlevel_core_mulitplexer_0_0_synth_1" LaunchDir="/home/delta/project/controlToiletCleaner/controlToiletCleaner.runs/lowlevel_core_mulitplexer_0_0_synth_1" FlowId="Vivado_Synthesis" FromStepId="vivado" ToStepId="vivado"/>
	<Run Id="lowlevel_core_clk_wiz_0_0_synth_1" LaunchDir="/home/delta/project/controlToiletCleaner/controlToiletCleaner.runs/lowlevel_core_clk_wiz_0_0_synth_1" FlowId="Vivado_Synthesis" FromStepId="vivado" ToStepId="vivado"/>
	<Run Id="lowlevel_core_divider_2_0_0_synth_1" LaunchDir="/home/delta/project/controlToiletCleaner/controlToiletCleaner.runs/lowlevel_core_divider_2_0_0_synth_1" FlowId="Vivado_Synthesis" FromStepId="vivado" ToStepId="vivado"/>
	<Run Id="lowlevel_core_decoder4_0_0_synth_1" LaunchDir="/home/delta/project/controlToiletCleaner/controlToiletCleaner.runs/lowlevel_core_decoder4_0_0_synth_1" FlowId="Vivado_Synthesis" FromStepId="vivado" ToStepId="vivado"/>
	<Run Id="lowlevel_core_counter_16_0_1_synth_1" LaunchDir="/home/delta/project/controlToiletCleaner/controlToiletCleaner.runs/lowlevel_core_counter_16_0_1_synth_1" FlowId="Vivado_Synthesis" FromStepId="vivado" ToStepId="vivado"/>
	<Run Id="lowlevel_core_counter_16_0_2_synth_1" LaunchDir="/home/delta/project/controlToiletCleaner/controlToiletCleaner.runs/lowlevel_core_counter_16_0_2_synth_1" FlowId="Vivado_Synthesis" FromStepId="vivado" ToStepId="vivado"/>
	<Run Id="lowlevel_core_decoder4_0_1_synth_1" LaunchDir="/home/delta/project/controlToiletCleaner/controlToiletCleaner.runs/lowlevel_core_decoder4_0_1_synth_1" FlowId="Vivado_Synthesis" FromStepId="vivado" ToStepId="vivado"/>
	<Run Id="lowlevel_core_counter_16_1_0_synth_1" LaunchDir="/home/delta/project/controlToiletCleaner/controlToiletCleaner.runs/lowlevel_core_counter_16_1_0_synth_1" FlowId="Vivado_Synthesis" FromStepId="vivado" ToStepId="vivado"/>
	<Run Id="lowlevel_core_decoder4_1_0_synth_1" LaunchDir="/home/delta/project/controlToiletCleaner/controlToiletCleaner.runs/lowlevel_core_decoder4_1_0_synth_1" FlowId="Vivado_Synthesis" FromStepId="vivado" ToStepId="vivado"/>
	<Run Id="lowlevel_core_decoder4_2_1_synth_1" LaunchDir="/home/delta/project/controlToiletCleaner/controlToiletCleaner.runs/lowlevel_core_decoder4_2_1_synth_1" FlowId="Vivado_Synthesis" FromStepId="vivado" ToStepId="vivado"/>
	<Run Id="lowlevel_core_counter_16_2_0_synth_1" LaunchDir="/home/delta/project/controlToiletCleaner/controlToiletCleaner.runs/lowlevel_core_counter_16_2_0_synth_1" FlowId="Vivado_Synthesis" FromStepId="vivado" ToStepId="vivado"/>
	<Run Id="lowlevel_core_comaprator_0_4_synth_1" LaunchDir="/home/delta/project/controlToiletCleaner/controlToiletCleaner.runs/lowlevel_core_comaprator_0_4_synth_1" FlowId="Vivado_Synthesis" FromStepId="vivado" ToStepId="vivado"/>
	<Run Id="synth_1" LaunchDir="/home/delta/project/controlToiletCleaner/controlToiletCleaner.runs/synth_1" FlowId="Vivado_Synthesis" FromStepId="vivado" ToStepId="vivado">
		<Parent Id="lowlevel_core_duty_reg_0_2_synth_1"/>
		<Parent Id="lowlevel_core_pwm_controller_0_1_synth_1"/>
		<Parent Id="lowlevel_core_comaprator_0_2_synth_1"/>
		<Parent Id="lowlevel_core_counter_period_0_2_synth_1"/>
		<Parent Id="lowlevel_core_duty_reg_0_3_synth_1"/>
		<Parent Id="lowlevel_core_pwm_controller_0_2_synth_1"/>
		<Parent Id="lowlevel_core_comaprator_0_3_synth_1"/>
		<Parent Id="lowlevel_core_counter_period_0_3_synth_1"/>
		<Parent Id="lowlevel_core_duty_reg_0_4_synth_1"/>
		<Parent Id="lowlevel_core_pwm_controller_0_3_synth_1"/>
		<Parent Id="lowlevel_core_mux_contorller_0_0_synth_1"/>
		<Parent Id="lowlevel_core_counter_period_0_1_synth_1"/>
		<Parent Id="lowlevel_core_comaprator_0_1_synth_1"/>
		<Parent Id="lowlevel_core_duty_reg_0_0_synth_1"/>
		<Parent Id="lowlevel_core_pwm_controller_0_0_synth_1"/>
		<Parent Id="lowlevel_core_counter_period_0_0_synth_1"/>
		<Parent Id="lowlevel_core_mulitplexer_0_0_synth_1"/>
		<Parent Id="lowlevel_core_clk_wiz_0_0_synth_1"/>
		<Parent Id="lowlevel_core_divider_2_0_0_synth_1"/>
		<Parent Id="lowlevel_core_decoder4_0_0_synth_1"/>
		<Parent Id="lowlevel_core_counter_16_0_1_synth_1"/>
		<Parent Id="lowlevel_core_counter_16_0_2_synth_1"/>
		<Parent Id="lowlevel_core_decoder4_0_1_synth_1"/>
		<Parent Id="lowlevel_core_counter_16_1_0_synth_1"/>
		<Parent Id="lowlevel_core_decoder4_1_0_synth_1"/>
		<Parent Id="lowlevel_core_decoder4_2_1_synth_1"/>
		<Parent Id="lowlevel_core_counter_16_2_0_synth_1"/>
		<Parent Id="lowlevel_core_comaprator_0_4_synth_1"/>
	</Run>
</Runs>

