<?xml version="1.0"?>
<Runs Version="1" Minor="0">
	<Run Id="lowlevel_core_decoder4_0_0_synth_1" LaunchDir="/home/delta/project/controlToiletCleaner/controlToiletCleaner.runs/lowlevel_core_decoder4_0_0_synth_1" FlowId="Vivado_Synthesis" FromStepId="vivado" ToStepId="vivado"/>
	<Run Id="lowlevel_core_decoder4_0_1_synth_1" LaunchDir="/home/delta/project/controlToiletCleaner/controlToiletCleaner.runs/lowlevel_core_decoder4_0_1_synth_1" FlowId="Vivado_Synthesis" FromStepId="vivado" ToStepId="vivado"/>
	<Run Id="lowlevel_core_decoder4_1_0_synth_1" LaunchDir="/home/delta/project/controlToiletCleaner/controlToiletCleaner.runs/lowlevel_core_decoder4_1_0_synth_1" FlowId="Vivado_Synthesis" FromStepId="vivado" ToStepId="vivado"/>
	<Run Id="lowlevel_core_decoder4_2_1_synth_1" LaunchDir="/home/delta/project/controlToiletCleaner/controlToiletCleaner.runs/lowlevel_core_decoder4_2_1_synth_1" FlowId="Vivado_Synthesis" FromStepId="vivado" ToStepId="vivado"/>
	<Run Id="synth_1" LaunchDir="/home/delta/project/controlToiletCleaner/controlToiletCleaner.runs/synth_1" FlowId="Vivado_Synthesis" FromStepId="vivado" ToStepId="vivado">
		<Parent Id="lowlevel_core_decoder4_0_0_synth_1"/>
		<Parent Id="lowlevel_core_decoder4_0_1_synth_1"/>
		<Parent Id="lowlevel_core_decoder4_1_0_synth_1"/>
		<Parent Id="lowlevel_core_decoder4_2_1_synth_1"/>
	</Run>
</Runs>

