<?xml version="1.0" encoding="UTF-8"?>
<GenRun Id="impl_1" LaunchPart="xc7z020clg400-1" LaunchTime="1580748913">
  <File Type="WBT-USG" Name="usage_statistics_webtalk.html"/>
  <File Type="BG-DRC" Name="lowlevel_core_wrapper.drc"/>
  <File Type="BG-BGN" Name="lowlevel_core_wrapper.bgn"/>
  <File Type="BITSTR-SYSDEF" Name="lowlevel_core_wrapper.sysdef"/>
  <File Type="BITSTR-LTX" Name="debug_nets.ltx"/>
  <File Type="BITSTR-LTX" Name="lowlevel_core_wrapper.ltx"/>
  <File Type="BITSTR-MMI" Name="lowlevel_core_wrapper.mmi"/>
  <File Type="BITSTR-BMM" Name="lowlevel_core_wrapper_bd.bmm"/>
  <File Type="BITSTR-NKY" Name="lowlevel_core_wrapper.nky"/>
  <File Type="BITSTR-RBT" Name="lowlevel_core_wrapper.rbt"/>
  <File Type="BITSTR-MSK" Name="lowlevel_core_wrapper.msk"/>
  <File Type="BG-BIN" Name="lowlevel_core_wrapper.bin"/>
  <File Type="BG-BIT" Name="lowlevel_core_wrapper.bit"/>
  <File Type="POSTROUTE-PHYSOPT-TIMING-RPX" Name="lowlevel_core_wrapper_timing_summary_postroute_physopted.rpx"/>
  <File Type="POSTROUTE-PHYSOPT-TIMING-PB" Name="lowlevel_core_wrapper_timing_summary_postroute_physopted.pb"/>
  <File Type="POSTROUTE-PHYSOPT-TIMING" Name="lowlevel_core_wrapper_timing_summary_postroute_physopted.rpt"/>
  <File Type="POSTROUTE-PHYSOPT-BLACKBOX-DCP" Name="lowlevel_core_wrapper_postroute_physopt_bb.dcp"/>
  <File Type="POSTROUTE-PHYSOPT-DCP" Name="lowlevel_core_wrapper_postroute_physopt.dcp"/>
  <File Type="ROUTE-CLK" Name="lowlevel_core_wrapper_clock_utilization_routed.rpt"/>
  <File Type="ROUTE-SIMILARITY" Name="lowlevel_core_wrapper_incremental_reuse_routed.rpt"/>
  <File Type="ROUTE-TIMING-RPX" Name="lowlevel_core_wrapper_timing_summary_routed.rpx"/>
  <File Type="ROUTE-TIMING-PB" Name="lowlevel_core_wrapper_timing_summary_routed.pb"/>
  <File Type="ROUTE-TIMINGSUMMARY" Name="lowlevel_core_wrapper_timing_summary_routed.rpt"/>
  <File Type="ROUTE-STATUS-PB" Name="lowlevel_core_wrapper_route_status.pb"/>
  <File Type="ROUTE-STATUS" Name="lowlevel_core_wrapper_route_status.rpt"/>
  <File Type="ROUTE-PWR-RPX" Name="lowlevel_core_wrapper_power_routed.rpx"/>
  <File Type="ROUTE-PWR-SUM" Name="lowlevel_core_wrapper_power_summary_routed.pb"/>
  <File Type="ROUTE-PWR" Name="lowlevel_core_wrapper_power_routed.rpt"/>
  <File Type="ROUTE-METHODOLOGY-DRC-PB" Name="lowlevel_core_wrapper_methodology_drc_routed.pb"/>
  <File Type="ROUTE-METHODOLOGY-DRC-RPX" Name="lowlevel_core_wrapper_methodology_drc_routed.rpx"/>
  <File Type="ROUTE-METHODOLOGY-DRC" Name="lowlevel_core_wrapper_methodology_drc_routed.rpt"/>
  <File Type="ROUTE-DRC-RPX" Name="lowlevel_core_wrapper_drc_routed.rpx"/>
  <File Type="ROUTE-DRC-PB" Name="lowlevel_core_wrapper_drc_routed.pb"/>
  <File Type="ROUTE-DRC" Name="lowlevel_core_wrapper_drc_routed.rpt"/>
  <File Type="ROUTE-BLACKBOX-DCP" Name="lowlevel_core_wrapper_routed_bb.dcp"/>
  <File Type="ROUTE-DCP" Name="lowlevel_core_wrapper_routed.dcp"/>
  <File Type="ROUTE-ERROR-DCP" Name="lowlevel_core_wrapper_routed_error.dcp"/>
  <File Type="PHYSOPT-TIMING" Name="lowlevel_core_wrapper_timing_summary_physopted.rpt"/>
  <File Type="PHYSOPT-DRC" Name="lowlevel_core_wrapper_drc_physopted.rpt"/>
  <File Type="PHYSOPT-DCP" Name="lowlevel_core_wrapper_physopt.dcp"/>
  <File Type="POSTPLACE-PWROPT-TIMING" Name="lowlevel_core_wrapper_timing_summary_postplace_pwropted.rpt"/>
  <File Type="POSTPLACE-PWROPT-DCP" Name="lowlevel_core_wrapper_postplace_pwropt.dcp"/>
  <File Type="PLACE-TIMING" Name="lowlevel_core_wrapper_timing_summary_placed.rpt"/>
  <File Type="PLACE-PRE-SIMILARITY" Name="lowlevel_core_wrapper_incremental_reuse_pre_placed.rpt"/>
  <File Type="PLACE-SIMILARITY" Name="lowlevel_core_wrapper_incremental_reuse_placed.rpt"/>
  <File Type="PLACE-CTRL" Name="lowlevel_core_wrapper_control_sets_placed.rpt"/>
  <File Type="PLACE-UTIL-PB" Name="lowlevel_core_wrapper_utilization_placed.pb"/>
  <File Type="PLACE-UTIL" Name="lowlevel_core_wrapper_utilization_placed.rpt"/>
  <File Type="PLACE-CLK" Name="lowlevel_core_wrapper_clock_utilization_placed.rpt"/>
  <File Type="PLACE-IO" Name="lowlevel_core_wrapper_io_placed.rpt"/>
  <File Type="RDI-RDI" Name="lowlevel_core_wrapper.vdi"/>
  <File Type="PWROPT-TIMING" Name="lowlevel_core_wrapper_timing_summary_pwropted.rpt"/>
  <File Type="PWROPT-DRC" Name="lowlevel_core_wrapper_drc_pwropted.rpt"/>
  <File Type="OPT-TIMING" Name="lowlevel_core_wrapper_timing_summary_opted.rpt"/>
  <File Type="OPT-HWDEF" Name="lowlevel_core_wrapper.hwdef"/>
  <File Type="OPT-METHODOLOGY-DRC" Name="lowlevel_core_wrapper_methodology_drc_opted.rpt"/>
  <File Type="OPT-DRC" Name="lowlevel_core_wrapper_drc_opted.rpt"/>
  <File Type="OPT-DCP" Name="lowlevel_core_wrapper_opt.dcp"/>
  <File Type="INIT-TIMING" Name="lowlevel_core_wrapper_timing_summary_init.rpt"/>
  <File Type="PWROPT-DCP" Name="lowlevel_core_wrapper_pwropt.dcp"/>
  <File Type="REPORTS-TCL" Name="lowlevel_core_wrapper_reports.tcl"/>
  <File Type="PLACE-DCP" Name="lowlevel_core_wrapper_placed.dcp"/>
  <File Type="PA-TCL" Name="lowlevel_core_wrapper.tcl"/>
  <FileSet Name="sources" Type="DesignSrcs" RelSrcDir="$PSRCDIR/sources_1">
    <Filter Type="Srcs"/>
    <File Path="$PSRCDIR/sources_1/imports/src/motor_controller_src/counter_period.vhd">
      <FileInfo>
        <Attr Name="ImportPath" Val="$PPRDIR/src/motor_controller_src/counter_period.vhd"/>
        <Attr Name="ImportTime" Val="1580137900"/>
        <Attr Name="UsedIn" Val="synthesis"/>
        <Attr Name="UsedIn" Val="simulation"/>
      </FileInfo>
    </File>
    <File Path="$PSRCDIR/sources_1/imports/src/motor_controller_src/pwm_controller.vhd">
      <FileInfo>
        <Attr Name="ImportPath" Val="$PPRDIR/src/motor_controller_src/pwm_controller.vhd"/>
        <Attr Name="ImportTime" Val="1579690028"/>
        <Attr Name="UsedIn" Val="synthesis"/>
        <Attr Name="UsedIn" Val="simulation"/>
      </FileInfo>
    </File>
    <File Path="$PSRCDIR/sources_1/imports/src/motor_controller_src/duty_reg.vhd">
      <FileInfo>
        <Attr Name="ImportPath" Val="$PPRDIR/src/motor_controller_src/duty_reg.vhd"/>
        <Attr Name="ImportTime" Val="1578955626"/>
        <Attr Name="UsedIn" Val="synthesis"/>
        <Attr Name="UsedIn" Val="simulation"/>
      </FileInfo>
    </File>
    <File Path="$PSRCDIR/sources_1/imports/src/motor_controller_src/comaprator.vhd">
      <FileInfo>
        <Attr Name="ImportPath" Val="$PPRDIR/src/motor_controller_src/comaprator.vhd"/>
        <Attr Name="ImportTime" Val="1580240156"/>
        <Attr Name="UsedIn" Val="synthesis"/>
        <Attr Name="UsedIn" Val="simulation"/>
      </FileInfo>
    </File>
    <File Path="$PSRCDIR/sources_1/imports/src/mux_src/mux_controller.vhd">
      <FileInfo>
        <Attr Name="ImportPath" Val="$PPRDIR/src/mux_src/mux_controller.vhd"/>
        <Attr Name="ImportTime" Val="1580133750"/>
        <Attr Name="UsedIn" Val="synthesis"/>
        <Attr Name="UsedIn" Val="simulation"/>
      </FileInfo>
    </File>
    <File Path="$PSRCDIR/sources_1/imports/src/mux_src/mulitplexer.vhd">
      <FileInfo>
        <Attr Name="ImportPath" Val="$PPRDIR/src/mux_src/mulitplexer.vhd"/>
        <Attr Name="ImportTime" Val="1579872530"/>
        <Attr Name="UsedIn" Val="synthesis"/>
        <Attr Name="UsedIn" Val="simulation"/>
      </FileInfo>
    </File>
    <File Path="$PSRCDIR/sources_1/imports/src/motor_controller_src/divider_2.vhd">
      <FileInfo>
        <Attr Name="ImportPath" Val="$PPRDIR/src/motor_controller_src/divider_2.vhd"/>
        <Attr Name="ImportTime" Val="1580234312"/>
        <Attr Name="UsedIn" Val="synthesis"/>
        <Attr Name="UsedIn" Val="simulation"/>
      </FileInfo>
    </File>
    <File Path="$PSRCDIR/sources_1/imports/src/quadrature_decoder_src/decoder4.vhd">
      <FileInfo>
        <Attr Name="ImportPath" Val="$PPRDIR/src/quadrature_decoder_src/decoder4.vhd"/>
        <Attr Name="ImportTime" Val="1575911380"/>
        <Attr Name="UsedIn" Val="synthesis"/>
        <Attr Name="UsedIn" Val="simulation"/>
      </FileInfo>
    </File>
    <File Path="$PSRCDIR/sources_1/imports/src/quadrature_decoder_src/counter_16.vhd">
      <FileInfo>
        <Attr Name="ImportPath" Val="$PPRDIR/src/quadrature_decoder_src/counter_16.vhd"/>
        <Attr Name="ImportTime" Val="1579279102"/>
        <Attr Name="UsedIn" Val="synthesis"/>
        <Attr Name="UsedIn" Val="simulation"/>
      </FileInfo>
    </File>
    <File Path="$PSRCDIR/sources_1/bd/lowlevel_core/lowlevel_core.bd">
      <FileInfo>
        <Attr Name="UsedIn" Val="synthesis"/>
        <Attr Name="UsedIn" Val="implementation"/>
        <Attr Name="UsedIn" Val="simulation"/>
      </FileInfo>
    </File>
    <File Path="$PSRCDIR/sources_1/bd/lowlevel_core/hdl/lowlevel_core_wrapper.vhd">
      <FileInfo>
        <Attr Name="UsedIn" Val="synthesis"/>
        <Attr Name="UsedIn" Val="simulation"/>
      </FileInfo>
    </File>
    <File Path="$PSRCDIR/sources_1/imports/src/motor_controller_src/motor_controller.vhd">
      <FileInfo>
        <Attr Name="AutoDisabled" Val="1"/>
        <Attr Name="ImportPath" Val="$PPRDIR/src/motor_controller_src/motor_controller.vhd"/>
        <Attr Name="ImportTime" Val="1579137078"/>
        <Attr Name="UsedIn" Val="synthesis"/>
        <Attr Name="UsedIn" Val="simulation"/>
      </FileInfo>
    </File>
    <File Path="$PSRCDIR/sources_1/imports/src/motor_controller_src/tristate_buffer.vhd">
      <FileInfo>
        <Attr Name="AutoDisabled" Val="1"/>
        <Attr Name="ImportPath" Val="$PPRDIR/src/motor_controller_src/tristate_buffer.vhd"/>
        <Attr Name="ImportTime" Val="1578958510"/>
        <Attr Name="UsedIn" Val="synthesis"/>
        <Attr Name="UsedIn" Val="simulation"/>
      </FileInfo>
    </File>
    <Config>
      <Option Name="DesignMode" Val="RTL"/>
      <Option Name="TopModule" Val="lowlevel_core_wrapper"/>
      <Option Name="TopAutoSet" Val="TRUE"/>
    </Config>
  </FileSet>
  <FileSet Name="constrs_in" Type="Constrs" RelSrcDir="$PSRCDIR/constrs_1">
    <Filter Type="Constrs"/>
    <File Path="$PPRDIR/Zybo-Z7-Master.xdc">
      <FileInfo>
        <Attr Name="UsedIn" Val="synthesis"/>
        <Attr Name="UsedIn" Val="implementation"/>
      </FileInfo>
    </File>
    <Config>
      <Option Name="ConstrsType" Val="XDC"/>
    </Config>
  </FileSet>
  <Strategy Version="1" Minor="2">
    <StratHandle Name="Vivado Implementation Defaults" Flow="Vivado Implementation 2017"/>
    <Step Id="init_design"/>
    <Step Id="opt_design"/>
    <Step Id="power_opt_design"/>
    <Step Id="place_design"/>
    <Step Id="post_place_power_opt_design"/>
    <Step Id="phys_opt_design"/>
    <Step Id="route_design"/>
    <Step Id="post_route_phys_opt_design"/>
    <Step Id="write_bitstream"/>
  </Strategy>
  <BlockFileSet Type="BlockSrcs" Name="lowlevel_core_mux_contorller_0_0"/>
  <BlockFileSet Type="BlockSrcs" Name="lowlevel_core_proc_sys_reset_0_0"/>
  <BlockFileSet Type="BlockSrcs" Name="lowlevel_core_processing_system7_0_0"/>
  <BlockFileSet Type="BlockSrcs" Name="lowlevel_core_counter_16_1_0"/>
  <BlockFileSet Type="BlockSrcs" Name="lowlevel_core_counter_16_0_2"/>
  <BlockFileSet Type="BlockSrcs" Name="lowlevel_core_decoder4_2_1"/>
  <BlockFileSet Type="BlockSrcs" Name="lowlevel_core_decoder4_1_0"/>
  <BlockFileSet Type="BlockSrcs" Name="lowlevel_core_mulitplexer_0_0"/>
  <BlockFileSet Type="BlockSrcs" Name="lowlevel_core_decoder4_0_1"/>
  <BlockFileSet Type="BlockSrcs" Name="lowlevel_core_AXI_Mux32_0_0"/>
  <BlockFileSet Type="BlockSrcs" Name="lowlevel_core_decoder4_0_0"/>
  <BlockFileSet Type="BlockSrcs" Name="lowlevel_core_counter_16_2_0"/>
  <BlockFileSet Type="BlockSrcs" Name="lowlevel_core_comaprator_0_4"/>
  <BlockFileSet Type="BlockSrcs" Name="lowlevel_core_divider_2_0_0"/>
  <BlockFileSet Type="BlockSrcs" Name="lowlevel_core_pwm_controller_0_0"/>
  <BlockFileSet Type="BlockSrcs" Name="lowlevel_core_duty_reg_0_0"/>
  <BlockFileSet Type="BlockSrcs" Name="lowlevel_core_comaprator_0_1"/>
  <BlockFileSet Type="BlockSrcs" Name="lowlevel_core_counter_16_0_1"/>
  <BlockFileSet Type="BlockSrcs" Name="lowlevel_core_clk_wiz_0_0"/>
  <BlockFileSet Type="BlockSrcs" Name="lowlevel_core_pwm_controller_0_3"/>
  <BlockFileSet Type="BlockSrcs" Name="lowlevel_core_counter_period_0_1"/>
  <BlockFileSet Type="BlockSrcs" Name="lowlevel_core_duty_reg_0_4"/>
  <BlockFileSet Type="BlockSrcs" Name="lowlevel_core_counter_period_0_3"/>
  <BlockFileSet Type="BlockSrcs" Name="lowlevel_core_comaprator_0_3"/>
  <BlockFileSet Type="BlockSrcs" Name="lowlevel_core_pwm_controller_0_2"/>
  <BlockFileSet Type="BlockSrcs" Name="lowlevel_core_counter_period_0_0"/>
  <BlockFileSet Type="BlockSrcs" Name="lowlevel_core_duty_reg_0_3"/>
  <BlockFileSet Type="BlockSrcs" Name="lowlevel_core_counter_period_0_2"/>
  <BlockFileSet Type="BlockSrcs" Name="lowlevel_core_comaprator_0_2"/>
  <BlockFileSet Type="BlockSrcs" Name="lowlevel_core_pwm_controller_0_1"/>
  <BlockFileSet Type="BlockSrcs" Name="lowlevel_core_duty_reg_0_2"/>
</GenRun>
