<?xml version="1.0" encoding="UTF-8" ?>
<webTalkData  fileName='usage_statistics_webtalk.xml'  majorVersion='1' minorVersion='0' timeStamp='Mon Feb  3 18:08:00 2020'>
<section name="__ROOT__" level="0" order="1" description="">
 <section name="software_version_and_target_device" level="1" order="1" description="">
  <keyValuePair key="beta" value="FALSE" description="" />
  <keyValuePair key="build_version" value="2086221" description="" />
  <keyValuePair key="date_generated" value="Mon Feb  3 18:08:00 2020" description="" />
  <keyValuePair key="os_platform" value="LIN64" description="" />
  <keyValuePair key="product_version" value="Vivado v2017.4 (64-bit)" description="" />
  <keyValuePair key="project_id" value="14745d09a7964997b2810efd37f22997" description="" />
  <keyValuePair key="project_iteration" value="2" description="" />
  <keyValuePair key="random_id" value="467e0693c19551aaa7525bdeda5ce5f1" description="" />
  <keyValuePair key="registration_id" value="467e0693c19551aaa7525bdeda5ce5f1" description="" />
  <keyValuePair key="route_design" value="TRUE" description="" />
  <keyValuePair key="target_device" value="xc7z020" description="" />
  <keyValuePair key="target_family" value="zynq" description="" />
  <keyValuePair key="target_package" value="clg400" description="" />
  <keyValuePair key="target_speed" value="-1" description="" />
  <keyValuePair key="tool_flow" value="Vivado" description="" />
 </section>
 <section name="user_environment" level="1" order="2" description="">
  <keyValuePair key="cpu_name" value="Intel(R) Core(TM) i7-4600U CPU @ 2.10GHz" description="" />
  <keyValuePair key="cpu_speed" value="1485.189 MHz" description="" />
  <keyValuePair key="os_name" value="Ubuntu" description="" />
  <keyValuePair key="os_release" value="Ubuntu 18.04.3 LTS" description="" />
  <keyValuePair key="system_ram" value="8.000 GB" description="" />
  <keyValuePair key="total_processors" value="1" description="" />
 </section>
 <section name="ip_statistics" level="1" order="3" description="">
  <section name="IP_Integrator/1" level="2" order="1" description="">
   <keyValuePair key="bdsource" value="USER" description="" />
   <keyValuePair key="core_container" value="NA" description="" />
   <keyValuePair key="da_axi4_cnt" value="1" description="" />
   <keyValuePair key="da_clkrst_cnt" value="2" description="" />
   <keyValuePair key="da_ps7_cnt" value="1" description="" />
   <keyValuePair key="iptotal" value="1" description="" />
   <keyValuePair key="maxhierdepth" value="0" description="" />
   <keyValuePair key="numblks" value="34" description="" />
   <keyValuePair key="numhdlrefblks" value="27" description="" />
   <keyValuePair key="numhierblks" value="2" description="" />
   <keyValuePair key="numhlsblks" value="0" description="" />
   <keyValuePair key="numnonxlnxblks" value="1" description="" />
   <keyValuePair key="numpkgbdblks" value="0" description="" />
   <keyValuePair key="numreposblks" value="32" description="" />
   <keyValuePair key="numsysgenblks" value="0" description="" />
   <keyValuePair key="synth_mode" value="OOC_per_IP" description="" />
   <keyValuePair key="x_iplanguage" value="VHDL" description="" />
   <keyValuePair key="x_iplibrary" value="BlockDiagram" description="" />
   <keyValuePair key="x_ipname" value="lowlevel_core" description="" />
   <keyValuePair key="x_ipvendor" value="xilinx.com" description="" />
   <keyValuePair key="x_ipversion" value="1.00.a" description="" />
  </section>
  <section name="axi_protocol_converter_v2_1_15_axi_protocol_converter/1" level="2" order="2" description="">
   <keyValuePair key="c_axi_addr_width" value="32" description="" />
   <keyValuePair key="c_axi_aruser_width" value="1" description="" />
   <keyValuePair key="c_axi_awuser_width" value="1" description="" />
   <keyValuePair key="c_axi_buser_width" value="1" description="" />
   <keyValuePair key="c_axi_data_width" value="32" description="" />
   <keyValuePair key="c_axi_id_width" value="12" description="" />
   <keyValuePair key="c_axi_ruser_width" value="1" description="" />
   <keyValuePair key="c_axi_supports_read" value="1" description="" />
   <keyValuePair key="c_axi_supports_user_signals" value="0" description="" />
   <keyValuePair key="c_axi_supports_write" value="1" description="" />
   <keyValuePair key="c_axi_wuser_width" value="1" description="" />
   <keyValuePair key="c_family" value="zynq" description="" />
   <keyValuePair key="c_ignore_id" value="0" description="" />
   <keyValuePair key="c_m_axi_protocol" value="2" description="" />
   <keyValuePair key="c_s_axi_protocol" value="1" description="" />
   <keyValuePair key="c_translation_mode" value="2" description="" />
   <keyValuePair key="core_container" value="NA" description="" />
   <keyValuePair key="iptotal" value="1" description="" />
   <keyValuePair key="x_ipcorerevision" value="15" description="" />
   <keyValuePair key="x_iplanguage" value="VHDL" description="" />
   <keyValuePair key="x_iplibrary" value="ip" description="" />
   <keyValuePair key="x_ipname" value="axi_protocol_converter" description="" />
   <keyValuePair key="x_ipproduct" value="Vivado 2017.4" description="" />
   <keyValuePair key="x_ipsimlanguage" value="MIXED" description="" />
   <keyValuePair key="x_ipvendor" value="xilinx.com" description="" />
   <keyValuePair key="x_ipversion" value="2.1" description="" />
  </section>
  <section name="clk_wiz_v5_4_3_0/1" level="2" order="3" description="">
   <keyValuePair key="clkin1_period" value="10.000" description="" />
   <keyValuePair key="clkin2_period" value="10.000" description="" />
   <keyValuePair key="clock_mgr_type" value="NA" description="" />
   <keyValuePair key="component_name" value="lowlevel_core_clk_wiz_0_0" description="" />
   <keyValuePair key="core_container" value="NA" description="" />
   <keyValuePair key="enable_axi" value="0" description="" />
   <keyValuePair key="feedback_source" value="FDBK_AUTO" description="" />
   <keyValuePair key="feedback_type" value="SINGLE" description="" />
   <keyValuePair key="iptotal" value="1" description="" />
   <keyValuePair key="manual_override" value="false" description="" />
   <keyValuePair key="num_out_clk" value="3" description="" />
   <keyValuePair key="primitive" value="MMCM" description="" />
   <keyValuePair key="use_dyn_phase_shift" value="false" description="" />
   <keyValuePair key="use_dyn_reconfig" value="false" description="" />
   <keyValuePair key="use_inclk_stopped" value="false" description="" />
   <keyValuePair key="use_inclk_switchover" value="false" description="" />
   <keyValuePair key="use_locked" value="false" description="" />
   <keyValuePair key="use_max_i_jitter" value="false" description="" />
   <keyValuePair key="use_min_o_jitter" value="false" description="" />
   <keyValuePair key="use_phase_alignment" value="true" description="" />
   <keyValuePair key="use_power_down" value="false" description="" />
   <keyValuePair key="use_reset" value="false" description="" />
  </section>
  <section name="comaprator/1" level="2" order="4" description="">
   <keyValuePair key="core_container" value="NA" description="" />
   <keyValuePair key="iptotal" value="1" description="" />
   <keyValuePair key="x_ipcorerevision" value="1" description="" />
   <keyValuePair key="x_iplanguage" value="VHDL" description="" />
   <keyValuePair key="x_iplibrary" value="module_ref" description="" />
   <keyValuePair key="x_ipname" value="comaprator" description="" />
   <keyValuePair key="x_ipproduct" value="Vivado 2017.4" description="" />
   <keyValuePair key="x_ipsimlanguage" value="MIXED" description="" />
   <keyValuePair key="x_ipvendor" value="xilinx.com" description="" />
   <keyValuePair key="x_ipversion" value="1.0" description="" />
  </section>
  <section name="comaprator/2" level="2" order="5" description="">
   <keyValuePair key="core_container" value="NA" description="" />
   <keyValuePair key="iptotal" value="1" description="" />
   <keyValuePair key="x_ipcorerevision" value="1" description="" />
   <keyValuePair key="x_iplanguage" value="VHDL" description="" />
   <keyValuePair key="x_iplibrary" value="module_ref" description="" />
   <keyValuePair key="x_ipname" value="comaprator" description="" />
   <keyValuePair key="x_ipproduct" value="Vivado 2017.4" description="" />
   <keyValuePair key="x_ipsimlanguage" value="MIXED" description="" />
   <keyValuePair key="x_ipvendor" value="xilinx.com" description="" />
   <keyValuePair key="x_ipversion" value="1.0" description="" />
  </section>
  <section name="comaprator/3" level="2" order="6" description="">
   <keyValuePair key="core_container" value="NA" description="" />
   <keyValuePair key="iptotal" value="1" description="" />
   <keyValuePair key="x_ipcorerevision" value="1" description="" />
   <keyValuePair key="x_iplanguage" value="VHDL" description="" />
   <keyValuePair key="x_iplibrary" value="module_ref" description="" />
   <keyValuePair key="x_ipname" value="comaprator" description="" />
   <keyValuePair key="x_ipproduct" value="Vivado 2017.4" description="" />
   <keyValuePair key="x_ipsimlanguage" value="MIXED" description="" />
   <keyValuePair key="x_ipvendor" value="xilinx.com" description="" />
   <keyValuePair key="x_ipversion" value="1.0" description="" />
  </section>
  <section name="comaprator/4" level="2" order="7" description="">
   <keyValuePair key="core_container" value="NA" description="" />
   <keyValuePair key="iptotal" value="1" description="" />
   <keyValuePair key="x_ipcorerevision" value="1" description="" />
   <keyValuePair key="x_iplanguage" value="VHDL" description="" />
   <keyValuePair key="x_iplibrary" value="module_ref" description="" />
   <keyValuePair key="x_ipname" value="comaprator" description="" />
   <keyValuePair key="x_ipproduct" value="Vivado 2017.4" description="" />
   <keyValuePair key="x_ipsimlanguage" value="MIXED" description="" />
   <keyValuePair key="x_ipvendor" value="xilinx.com" description="" />
   <keyValuePair key="x_ipversion" value="1.0" description="" />
  </section>
  <section name="counter_16/1" level="2" order="8" description="">
   <keyValuePair key="core_container" value="NA" description="" />
   <keyValuePair key="iptotal" value="1" description="" />
   <keyValuePair key="x_ipcorerevision" value="1" description="" />
   <keyValuePair key="x_iplanguage" value="VHDL" description="" />
   <keyValuePair key="x_iplibrary" value="module_ref" description="" />
   <keyValuePair key="x_ipname" value="counter_16" description="" />
   <keyValuePair key="x_ipproduct" value="Vivado 2017.4" description="" />
   <keyValuePair key="x_ipsimlanguage" value="MIXED" description="" />
   <keyValuePair key="x_ipvendor" value="xilinx.com" description="" />
   <keyValuePair key="x_ipversion" value="1.0" description="" />
  </section>
  <section name="counter_16/2" level="2" order="9" description="">
   <keyValuePair key="core_container" value="NA" description="" />
   <keyValuePair key="iptotal" value="1" description="" />
   <keyValuePair key="x_ipcorerevision" value="1" description="" />
   <keyValuePair key="x_iplanguage" value="VHDL" description="" />
   <keyValuePair key="x_iplibrary" value="module_ref" description="" />
   <keyValuePair key="x_ipname" value="counter_16" description="" />
   <keyValuePair key="x_ipproduct" value="Vivado 2017.4" description="" />
   <keyValuePair key="x_ipsimlanguage" value="MIXED" description="" />
   <keyValuePair key="x_ipvendor" value="xilinx.com" description="" />
   <keyValuePair key="x_ipversion" value="1.0" description="" />
  </section>
  <section name="counter_16/3" level="2" order="10" description="">
   <keyValuePair key="core_container" value="NA" description="" />
   <keyValuePair key="iptotal" value="1" description="" />
   <keyValuePair key="x_ipcorerevision" value="1" description="" />
   <keyValuePair key="x_iplanguage" value="VHDL" description="" />
   <keyValuePair key="x_iplibrary" value="module_ref" description="" />
   <keyValuePair key="x_ipname" value="counter_16" description="" />
   <keyValuePair key="x_ipproduct" value="Vivado 2017.4" description="" />
   <keyValuePair key="x_ipsimlanguage" value="MIXED" description="" />
   <keyValuePair key="x_ipvendor" value="xilinx.com" description="" />
   <keyValuePair key="x_ipversion" value="1.0" description="" />
  </section>
  <section name="counter_16/4" level="2" order="11" description="">
   <keyValuePair key="core_container" value="NA" description="" />
   <keyValuePair key="iptotal" value="1" description="" />
   <keyValuePair key="x_ipcorerevision" value="1" description="" />
   <keyValuePair key="x_iplanguage" value="VHDL" description="" />
   <keyValuePair key="x_iplibrary" value="module_ref" description="" />
   <keyValuePair key="x_ipname" value="counter_16" description="" />
   <keyValuePair key="x_ipproduct" value="Vivado 2017.4" description="" />
   <keyValuePair key="x_ipsimlanguage" value="MIXED" description="" />
   <keyValuePair key="x_ipvendor" value="xilinx.com" description="" />
   <keyValuePair key="x_ipversion" value="1.0" description="" />
  </section>
  <section name="counter_period/1" level="2" order="12" description="">
   <keyValuePair key="core_container" value="NA" description="" />
   <keyValuePair key="iptotal" value="1" description="" />
   <keyValuePair key="x_ipcorerevision" value="1" description="" />
   <keyValuePair key="x_iplanguage" value="VHDL" description="" />
   <keyValuePair key="x_iplibrary" value="module_ref" description="" />
   <keyValuePair key="x_ipname" value="counter_period" description="" />
   <keyValuePair key="x_ipproduct" value="Vivado 2017.4" description="" />
   <keyValuePair key="x_ipsimlanguage" value="MIXED" description="" />
   <keyValuePair key="x_ipvendor" value="xilinx.com" description="" />
   <keyValuePair key="x_ipversion" value="1.0" description="" />
  </section>
  <section name="counter_period/2" level="2" order="13" description="">
   <keyValuePair key="core_container" value="NA" description="" />
   <keyValuePair key="iptotal" value="1" description="" />
   <keyValuePair key="x_ipcorerevision" value="1" description="" />
   <keyValuePair key="x_iplanguage" value="VHDL" description="" />
   <keyValuePair key="x_iplibrary" value="module_ref" description="" />
   <keyValuePair key="x_ipname" value="counter_period" description="" />
   <keyValuePair key="x_ipproduct" value="Vivado 2017.4" description="" />
   <keyValuePair key="x_ipsimlanguage" value="MIXED" description="" />
   <keyValuePair key="x_ipvendor" value="xilinx.com" description="" />
   <keyValuePair key="x_ipversion" value="1.0" description="" />
  </section>
  <section name="counter_period/3" level="2" order="14" description="">
   <keyValuePair key="core_container" value="NA" description="" />
   <keyValuePair key="iptotal" value="1" description="" />
   <keyValuePair key="x_ipcorerevision" value="1" description="" />
   <keyValuePair key="x_iplanguage" value="VHDL" description="" />
   <keyValuePair key="x_iplibrary" value="module_ref" description="" />
   <keyValuePair key="x_ipname" value="counter_period" description="" />
   <keyValuePair key="x_ipproduct" value="Vivado 2017.4" description="" />
   <keyValuePair key="x_ipsimlanguage" value="MIXED" description="" />
   <keyValuePair key="x_ipvendor" value="xilinx.com" description="" />
   <keyValuePair key="x_ipversion" value="1.0" description="" />
  </section>
  <section name="counter_period/4" level="2" order="15" description="">
   <keyValuePair key="core_container" value="NA" description="" />
   <keyValuePair key="iptotal" value="1" description="" />
   <keyValuePair key="x_ipcorerevision" value="1" description="" />
   <keyValuePair key="x_iplanguage" value="VHDL" description="" />
   <keyValuePair key="x_iplibrary" value="module_ref" description="" />
   <keyValuePair key="x_ipname" value="counter_period" description="" />
   <keyValuePair key="x_ipproduct" value="Vivado 2017.4" description="" />
   <keyValuePair key="x_ipsimlanguage" value="MIXED" description="" />
   <keyValuePair key="x_ipvendor" value="xilinx.com" description="" />
   <keyValuePair key="x_ipversion" value="1.0" description="" />
  </section>
  <section name="decoder4/1" level="2" order="16" description="">
   <keyValuePair key="core_container" value="NA" description="" />
   <keyValuePair key="iptotal" value="1" description="" />
   <keyValuePair key="x_ipcorerevision" value="1" description="" />
   <keyValuePair key="x_iplanguage" value="VHDL" description="" />
   <keyValuePair key="x_iplibrary" value="module_ref" description="" />
   <keyValuePair key="x_ipname" value="decoder4" description="" />
   <keyValuePair key="x_ipproduct" value="Vivado 2017.4" description="" />
   <keyValuePair key="x_ipsimlanguage" value="MIXED" description="" />
   <keyValuePair key="x_ipvendor" value="xilinx.com" description="" />
   <keyValuePair key="x_ipversion" value="1.0" description="" />
  </section>
  <section name="decoder4/2" level="2" order="17" description="">
   <keyValuePair key="core_container" value="NA" description="" />
   <keyValuePair key="iptotal" value="1" description="" />
   <keyValuePair key="x_ipcorerevision" value="1" description="" />
   <keyValuePair key="x_iplanguage" value="VHDL" description="" />
   <keyValuePair key="x_iplibrary" value="module_ref" description="" />
   <keyValuePair key="x_ipname" value="decoder4" description="" />
   <keyValuePair key="x_ipproduct" value="Vivado 2017.4" description="" />
   <keyValuePair key="x_ipsimlanguage" value="MIXED" description="" />
   <keyValuePair key="x_ipvendor" value="xilinx.com" description="" />
   <keyValuePair key="x_ipversion" value="1.0" description="" />
  </section>
  <section name="decoder4/3" level="2" order="18" description="">
   <keyValuePair key="core_container" value="NA" description="" />
   <keyValuePair key="iptotal" value="1" description="" />
   <keyValuePair key="x_ipcorerevision" value="1" description="" />
   <keyValuePair key="x_iplanguage" value="VHDL" description="" />
   <keyValuePair key="x_iplibrary" value="module_ref" description="" />
   <keyValuePair key="x_ipname" value="decoder4" description="" />
   <keyValuePair key="x_ipproduct" value="Vivado 2017.4" description="" />
   <keyValuePair key="x_ipsimlanguage" value="MIXED" description="" />
   <keyValuePair key="x_ipvendor" value="xilinx.com" description="" />
   <keyValuePair key="x_ipversion" value="1.0" description="" />
  </section>
  <section name="decoder4/4" level="2" order="19" description="">
   <keyValuePair key="core_container" value="NA" description="" />
   <keyValuePair key="iptotal" value="1" description="" />
   <keyValuePair key="x_ipcorerevision" value="1" description="" />
   <keyValuePair key="x_iplanguage" value="VHDL" description="" />
   <keyValuePair key="x_iplibrary" value="module_ref" description="" />
   <keyValuePair key="x_ipname" value="decoder4" description="" />
   <keyValuePair key="x_ipproduct" value="Vivado 2017.4" description="" />
   <keyValuePair key="x_ipsimlanguage" value="MIXED" description="" />
   <keyValuePair key="x_ipvendor" value="xilinx.com" description="" />
   <keyValuePair key="x_ipversion" value="1.0" description="" />
  </section>
  <section name="divider_2/1" level="2" order="20" description="">
   <keyValuePair key="core_container" value="NA" description="" />
   <keyValuePair key="iptotal" value="1" description="" />
   <keyValuePair key="x_ipcorerevision" value="1" description="" />
   <keyValuePair key="x_iplanguage" value="VHDL" description="" />
   <keyValuePair key="x_iplibrary" value="module_ref" description="" />
   <keyValuePair key="x_ipname" value="divider_2" description="" />
   <keyValuePair key="x_ipproduct" value="Vivado 2017.4" description="" />
   <keyValuePair key="x_ipsimlanguage" value="MIXED" description="" />
   <keyValuePair key="x_ipvendor" value="xilinx.com" description="" />
   <keyValuePair key="x_ipversion" value="1.0" description="" />
  </section>
  <section name="duty_reg/1" level="2" order="21" description="">
   <keyValuePair key="core_container" value="NA" description="" />
   <keyValuePair key="iptotal" value="1" description="" />
   <keyValuePair key="x_ipcorerevision" value="1" description="" />
   <keyValuePair key="x_iplanguage" value="VHDL" description="" />
   <keyValuePair key="x_iplibrary" value="module_ref" description="" />
   <keyValuePair key="x_ipname" value="duty_reg" description="" />
   <keyValuePair key="x_ipproduct" value="Vivado 2017.4" description="" />
   <keyValuePair key="x_ipsimlanguage" value="MIXED" description="" />
   <keyValuePair key="x_ipvendor" value="xilinx.com" description="" />
   <keyValuePair key="x_ipversion" value="1.0" description="" />
  </section>
  <section name="duty_reg/2" level="2" order="22" description="">
   <keyValuePair key="core_container" value="NA" description="" />
   <keyValuePair key="iptotal" value="1" description="" />
   <keyValuePair key="x_ipcorerevision" value="1" description="" />
   <keyValuePair key="x_iplanguage" value="VHDL" description="" />
   <keyValuePair key="x_iplibrary" value="module_ref" description="" />
   <keyValuePair key="x_ipname" value="duty_reg" description="" />
   <keyValuePair key="x_ipproduct" value="Vivado 2017.4" description="" />
   <keyValuePair key="x_ipsimlanguage" value="MIXED" description="" />
   <keyValuePair key="x_ipvendor" value="xilinx.com" description="" />
   <keyValuePair key="x_ipversion" value="1.0" description="" />
  </section>
  <section name="duty_reg/3" level="2" order="23" description="">
   <keyValuePair key="core_container" value="NA" description="" />
   <keyValuePair key="iptotal" value="1" description="" />
   <keyValuePair key="x_ipcorerevision" value="1" description="" />
   <keyValuePair key="x_iplanguage" value="VHDL" description="" />
   <keyValuePair key="x_iplibrary" value="module_ref" description="" />
   <keyValuePair key="x_ipname" value="duty_reg" description="" />
   <keyValuePair key="x_ipproduct" value="Vivado 2017.4" description="" />
   <keyValuePair key="x_ipsimlanguage" value="MIXED" description="" />
   <keyValuePair key="x_ipvendor" value="xilinx.com" description="" />
   <keyValuePair key="x_ipversion" value="1.0" description="" />
  </section>
  <section name="duty_reg/4" level="2" order="24" description="">
   <keyValuePair key="core_container" value="NA" description="" />
   <keyValuePair key="iptotal" value="1" description="" />
   <keyValuePair key="x_ipcorerevision" value="1" description="" />
   <keyValuePair key="x_iplanguage" value="VHDL" description="" />
   <keyValuePair key="x_iplibrary" value="module_ref" description="" />
   <keyValuePair key="x_ipname" value="duty_reg" description="" />
   <keyValuePair key="x_ipproduct" value="Vivado 2017.4" description="" />
   <keyValuePair key="x_ipsimlanguage" value="MIXED" description="" />
   <keyValuePair key="x_ipvendor" value="xilinx.com" description="" />
   <keyValuePair key="x_ipversion" value="1.0" description="" />
  </section>
  <section name="mulitplexer/1" level="2" order="25" description="">
   <keyValuePair key="core_container" value="NA" description="" />
   <keyValuePair key="iptotal" value="1" description="" />
   <keyValuePair key="x_ipcorerevision" value="1" description="" />
   <keyValuePair key="x_iplanguage" value="VHDL" description="" />
   <keyValuePair key="x_iplibrary" value="module_ref" description="" />
   <keyValuePair key="x_ipname" value="mulitplexer" description="" />
   <keyValuePair key="x_ipproduct" value="Vivado 2017.4" description="" />
   <keyValuePair key="x_ipsimlanguage" value="MIXED" description="" />
   <keyValuePair key="x_ipvendor" value="xilinx.com" description="" />
   <keyValuePair key="x_ipversion" value="1.0" description="" />
  </section>
  <section name="mux_contorller/1" level="2" order="26" description="">
   <keyValuePair key="core_container" value="NA" description="" />
   <keyValuePair key="iptotal" value="1" description="" />
   <keyValuePair key="x_ipcorerevision" value="1" description="" />
   <keyValuePair key="x_iplanguage" value="VHDL" description="" />
   <keyValuePair key="x_iplibrary" value="module_ref" description="" />
   <keyValuePair key="x_ipname" value="mux_contorller" description="" />
   <keyValuePair key="x_ipproduct" value="Vivado 2017.4" description="" />
   <keyValuePair key="x_ipsimlanguage" value="MIXED" description="" />
   <keyValuePair key="x_ipvendor" value="xilinx.com" description="" />
   <keyValuePair key="x_ipversion" value="1.0" description="" />
  </section>
  <section name="proc_sys_reset/1" level="2" order="27" description="">
   <keyValuePair key="c_aux_reset_high" value="0" description="" />
   <keyValuePair key="c_aux_rst_width" value="4" description="" />
   <keyValuePair key="c_ext_reset_high" value="0" description="" />
   <keyValuePair key="c_ext_rst_width" value="4" description="" />
   <keyValuePair key="c_family" value="zynq" description="" />
   <keyValuePair key="c_num_bus_rst" value="1" description="" />
   <keyValuePair key="c_num_interconnect_aresetn" value="1" description="" />
   <keyValuePair key="c_num_perp_aresetn" value="1" description="" />
   <keyValuePair key="c_num_perp_rst" value="1" description="" />
   <keyValuePair key="core_container" value="NA" description="" />
   <keyValuePair key="iptotal" value="1" description="" />
   <keyValuePair key="x_ipcorerevision" value="12" description="" />
   <keyValuePair key="x_iplanguage" value="VHDL" description="" />
   <keyValuePair key="x_iplibrary" value="ip" description="" />
   <keyValuePair key="x_ipname" value="proc_sys_reset" description="" />
   <keyValuePair key="x_ipproduct" value="Vivado 2017.4" description="" />
   <keyValuePair key="x_ipsimlanguage" value="MIXED" description="" />
   <keyValuePair key="x_ipvendor" value="xilinx.com" description="" />
   <keyValuePair key="x_ipversion" value="5.0" description="" />
  </section>
  <section name="processing_system7_v5.5_user_configuration/1" level="2" order="28" description="">
   <keyValuePair key="core_container" value="NA" description="" />
   <keyValuePair key="iptotal" value="1" description="" />
   <keyValuePair key="pcw_apu_clk_ratio_enable" value="6:2:1" description="" />
   <keyValuePair key="pcw_apu_peripheral_freqmhz" value="667" description="" />
   <keyValuePair key="pcw_armpll_ctrl_fbdiv" value="40" description="" />
   <keyValuePair key="pcw_can0_grp_clk_enable" value="0" description="" />
   <keyValuePair key="pcw_can0_peripheral_clksrc" value="External" description="" />
   <keyValuePair key="pcw_can0_peripheral_enable" value="0" description="" />
   <keyValuePair key="pcw_can0_peripheral_freqmhz" value="-1" description="" />
   <keyValuePair key="pcw_can1_grp_clk_enable" value="0" description="" />
   <keyValuePair key="pcw_can1_peripheral_clksrc" value="External" description="" />
   <keyValuePair key="pcw_can1_peripheral_enable" value="0" description="" />
   <keyValuePair key="pcw_can1_peripheral_freqmhz" value="-1" description="" />
   <keyValuePair key="pcw_can_peripheral_clksrc" value="IO PLL" description="" />
   <keyValuePair key="pcw_can_peripheral_freqmhz" value="100" description="" />
   <keyValuePair key="pcw_cpu_cpu_pll_freqmhz" value="1333.333" description="" />
   <keyValuePair key="pcw_cpu_peripheral_clksrc" value="ARM PLL" description="" />
   <keyValuePair key="pcw_crystal_peripheral_freqmhz" value="33.333333" description="" />
   <keyValuePair key="pcw_dci_peripheral_clksrc" value="DDR PLL" description="" />
   <keyValuePair key="pcw_dci_peripheral_freqmhz" value="10.159" description="" />
   <keyValuePair key="pcw_ddr_ddr_pll_freqmhz" value="1066.667" description="" />
   <keyValuePair key="pcw_ddr_hpr_to_critical_priority_level" value="15" description="" />
   <keyValuePair key="pcw_ddr_hprlpr_queue_partition" value="HPR(0)/LPR(32)" description="" />
   <keyValuePair key="pcw_ddr_lpr_to_critical_priority_level" value="2" description="" />
   <keyValuePair key="pcw_ddr_peripheral_clksrc" value="DDR PLL" description="" />
   <keyValuePair key="pcw_ddr_port0_hpr_enable" value="0" description="" />
   <keyValuePair key="pcw_ddr_port1_hpr_enable" value="0" description="" />
   <keyValuePair key="pcw_ddr_port2_hpr_enable" value="0" description="" />
   <keyValuePair key="pcw_ddr_port3_hpr_enable" value="0" description="" />
   <keyValuePair key="pcw_ddr_write_to_critical_priority_level" value="2" description="" />
   <keyValuePair key="pcw_ddrpll_ctrl_fbdiv" value="32" description="" />
   <keyValuePair key="pcw_enet0_enet0_io" value="MIO 16 .. 27" description="" />
   <keyValuePair key="pcw_enet0_grp_mdio_enable" value="1" description="" />
   <keyValuePair key="pcw_enet0_peripheral_clksrc" value="IO PLL" description="" />
   <keyValuePair key="pcw_enet0_peripheral_enable" value="1" description="" />
   <keyValuePair key="pcw_enet0_peripheral_freqmhz" value="1000 Mbps" description="" />
   <keyValuePair key="pcw_enet0_reset_enable" value="0" description="" />
   <keyValuePair key="pcw_enet1_grp_mdio_enable" value="0" description="" />
   <keyValuePair key="pcw_enet1_peripheral_clksrc" value="IO PLL" description="" />
   <keyValuePair key="pcw_enet1_peripheral_enable" value="0" description="" />
   <keyValuePair key="pcw_enet1_peripheral_freqmhz" value="1000 Mbps" description="" />
   <keyValuePair key="pcw_enet1_reset_enable" value="0" description="" />
   <keyValuePair key="pcw_enet_reset_polarity" value="Active Low" description="" />
   <keyValuePair key="pcw_fclk0_peripheral_clksrc" value="IO PLL" description="" />
   <keyValuePair key="pcw_fclk1_peripheral_clksrc" value="IO PLL" description="" />
   <keyValuePair key="pcw_fclk2_peripheral_clksrc" value="IO PLL" description="" />
   <keyValuePair key="pcw_fclk3_peripheral_clksrc" value="IO PLL" description="" />
   <keyValuePair key="pcw_fpga0_peripheral_freqmhz" value="50" description="" />
   <keyValuePair key="pcw_fpga1_peripheral_freqmhz" value="50" description="" />
   <keyValuePair key="pcw_fpga2_peripheral_freqmhz" value="50" description="" />
   <keyValuePair key="pcw_fpga3_peripheral_freqmhz" value="50" description="" />
   <keyValuePair key="pcw_fpga_fclk0_enable" value="1" description="" />
   <keyValuePair key="pcw_fpga_fclk1_enable" value="0" description="" />
   <keyValuePair key="pcw_fpga_fclk2_enable" value="0" description="" />
   <keyValuePair key="pcw_fpga_fclk3_enable" value="0" description="" />
   <keyValuePair key="pcw_gpio_emio_gpio_enable" value="0" description="" />
   <keyValuePair key="pcw_gpio_mio_gpio_enable" value="1" description="" />
   <keyValuePair key="pcw_gpio_mio_gpio_io" value="MIO" description="" />
   <keyValuePair key="pcw_gpio_peripheral_enable" value="0" description="" />
   <keyValuePair key="pcw_i2c0_grp_int_enable" value="0" description="" />
   <keyValuePair key="pcw_i2c0_peripheral_enable" value="0" description="" />
   <keyValuePair key="pcw_i2c0_reset_enable" value="0" description="" />
   <keyValuePair key="pcw_i2c1_grp_int_enable" value="0" description="" />
   <keyValuePair key="pcw_i2c1_peripheral_enable" value="0" description="" />
   <keyValuePair key="pcw_i2c1_reset_enable" value="0" description="" />
   <keyValuePair key="pcw_i2c_reset_polarity" value="Active Low" description="" />
   <keyValuePair key="pcw_io_io_pll_freqmhz" value="1000.000" description="" />
   <keyValuePair key="pcw_iopll_ctrl_fbdiv" value="30" description="" />
   <keyValuePair key="pcw_irq_f2p_mode" value="DIRECT" description="" />
   <keyValuePair key="pcw_m_axi_gp0_freqmhz" value="50" description="" />
   <keyValuePair key="pcw_m_axi_gp1_freqmhz" value="10" description="" />
   <keyValuePair key="pcw_nand_cycles_t_ar" value="1" description="" />
   <keyValuePair key="pcw_nand_cycles_t_clr" value="1" description="" />
   <keyValuePair key="pcw_nand_cycles_t_rc" value="11" description="" />
   <keyValuePair key="pcw_nand_cycles_t_rea" value="1" description="" />
   <keyValuePair key="pcw_nand_cycles_t_rr" value="1" description="" />
   <keyValuePair key="pcw_nand_cycles_t_wc" value="11" description="" />
   <keyValuePair key="pcw_nand_cycles_t_wp" value="1" description="" />
   <keyValuePair key="pcw_nand_grp_d8_enable" value="0" description="" />
   <keyValuePair key="pcw_nand_peripheral_enable" value="0" description="" />
   <keyValuePair key="pcw_nor_cs0_t_ceoe" value="1" description="" />
   <keyValuePair key="pcw_nor_cs0_t_pc" value="1" description="" />
   <keyValuePair key="pcw_nor_cs0_t_rc" value="11" description="" />
   <keyValuePair key="pcw_nor_cs0_t_tr" value="1" description="" />
   <keyValuePair key="pcw_nor_cs0_t_wc" value="11" description="" />
   <keyValuePair key="pcw_nor_cs0_t_wp" value="1" description="" />
   <keyValuePair key="pcw_nor_cs0_we_time" value="0" description="" />
   <keyValuePair key="pcw_nor_cs1_t_ceoe" value="1" description="" />
   <keyValuePair key="pcw_nor_cs1_t_pc" value="1" description="" />
   <keyValuePair key="pcw_nor_cs1_t_rc" value="11" description="" />
   <keyValuePair key="pcw_nor_cs1_t_tr" value="1" description="" />
   <keyValuePair key="pcw_nor_cs1_t_wc" value="11" description="" />
   <keyValuePair key="pcw_nor_cs1_t_wp" value="1" description="" />
   <keyValuePair key="pcw_nor_cs1_we_time" value="0" description="" />
   <keyValuePair key="pcw_nor_grp_a25_enable" value="0" description="" />
   <keyValuePair key="pcw_nor_grp_cs0_enable" value="0" description="" />
   <keyValuePair key="pcw_nor_grp_cs1_enable" value="0" description="" />
   <keyValuePair key="pcw_nor_grp_sram_cs0_enable" value="0" description="" />
   <keyValuePair key="pcw_nor_grp_sram_cs1_enable" value="0" description="" />
   <keyValuePair key="pcw_nor_grp_sram_int_enable" value="0" description="" />
   <keyValuePair key="pcw_nor_peripheral_enable" value="0" description="" />
   <keyValuePair key="pcw_nor_sram_cs0_t_ceoe" value="1" description="" />
   <keyValuePair key="pcw_nor_sram_cs0_t_pc" value="1" description="" />
   <keyValuePair key="pcw_nor_sram_cs0_t_rc" value="11" description="" />
   <keyValuePair key="pcw_nor_sram_cs0_t_tr" value="1" description="" />
   <keyValuePair key="pcw_nor_sram_cs0_t_wc" value="11" description="" />
   <keyValuePair key="pcw_nor_sram_cs0_t_wp" value="1" description="" />
   <keyValuePair key="pcw_nor_sram_cs0_we_time" value="0" description="" />
   <keyValuePair key="pcw_nor_sram_cs1_t_ceoe" value="1" description="" />
   <keyValuePair key="pcw_nor_sram_cs1_t_pc" value="1" description="" />
   <keyValuePair key="pcw_nor_sram_cs1_t_rc" value="11" description="" />
   <keyValuePair key="pcw_nor_sram_cs1_t_tr" value="1" description="" />
   <keyValuePair key="pcw_nor_sram_cs1_t_wc" value="11" description="" />
   <keyValuePair key="pcw_nor_sram_cs1_t_wp" value="1" description="" />
   <keyValuePair key="pcw_nor_sram_cs1_we_time" value="0" description="" />
   <keyValuePair key="pcw_override_basic_clock" value="0" description="" />
   <keyValuePair key="pcw_pcap_peripheral_clksrc" value="IO PLL" description="" />
   <keyValuePair key="pcw_pcap_peripheral_freqmhz" value="200" description="" />
   <keyValuePair key="pcw_pjtag_peripheral_enable" value="0" description="" />
   <keyValuePair key="pcw_preset_bank0_voltage" value="LVCMOS 3.3V" description="" />
   <keyValuePair key="pcw_preset_bank1_voltage" value="LVCMOS 1.8V" description="" />
   <keyValuePair key="pcw_qspi_grp_fbclk_enable" value="1" description="" />
   <keyValuePair key="pcw_qspi_grp_fbclk_io" value="MIO 8" description="" />
   <keyValuePair key="pcw_qspi_grp_io1_enable" value="0" description="" />
   <keyValuePair key="pcw_qspi_grp_single_ss_enable" value="1" description="" />
   <keyValuePair key="pcw_qspi_grp_single_ss_io" value="MIO 1 .. 6" description="" />
   <keyValuePair key="pcw_qspi_grp_ss1_enable" value="0" description="" />
   <keyValuePair key="pcw_qspi_internal_highaddress" value="0xFCFFFFFF" description="" />
   <keyValuePair key="pcw_qspi_peripheral_clksrc" value="IO PLL" description="" />
   <keyValuePair key="pcw_qspi_peripheral_enable" value="1" description="" />
   <keyValuePair key="pcw_qspi_peripheral_freqmhz" value="200" description="" />
   <keyValuePair key="pcw_qspi_qspi_io" value="MIO 1 .. 6" description="" />
   <keyValuePair key="pcw_s_axi_acp_freqmhz" value="10" description="" />
   <keyValuePair key="pcw_s_axi_gp0_freqmhz" value="10" description="" />
   <keyValuePair key="pcw_s_axi_gp1_freqmhz" value="10" description="" />
   <keyValuePair key="pcw_s_axi_hp0_data_width" value="64" description="" />
   <keyValuePair key="pcw_s_axi_hp0_freqmhz" value="10" description="" />
   <keyValuePair key="pcw_s_axi_hp1_data_width" value="64" description="" />
   <keyValuePair key="pcw_s_axi_hp1_freqmhz" value="10" description="" />
   <keyValuePair key="pcw_s_axi_hp2_data_width" value="64" description="" />
   <keyValuePair key="pcw_s_axi_hp2_freqmhz" value="10" description="" />
   <keyValuePair key="pcw_s_axi_hp3_data_width" value="64" description="" />
   <keyValuePair key="pcw_s_axi_hp3_freqmhz" value="10" description="" />
   <keyValuePair key="pcw_sd0_grp_cd_enable" value="1" description="" />
   <keyValuePair key="pcw_sd0_grp_cd_io" value="MIO 47" description="" />
   <keyValuePair key="pcw_sd0_grp_pow_enable" value="0" description="" />
   <keyValuePair key="pcw_sd0_grp_wp_enable" value="0" description="" />
   <keyValuePair key="pcw_sd0_peripheral_enable" value="1" description="" />
   <keyValuePair key="pcw_sd0_sd0_io" value="MIO 40 .. 45" description="" />
   <keyValuePair key="pcw_sd1_grp_cd_enable" value="0" description="" />
   <keyValuePair key="pcw_sd1_grp_pow_enable" value="0" description="" />
   <keyValuePair key="pcw_sd1_grp_wp_enable" value="0" description="" />
   <keyValuePair key="pcw_sd1_peripheral_enable" value="0" description="" />
   <keyValuePair key="pcw_sdio_peripheral_clksrc" value="IO PLL" description="" />
   <keyValuePair key="pcw_sdio_peripheral_freqmhz" value="50" description="" />
   <keyValuePair key="pcw_single_qspi_data_mode" value="x4" description="" />
   <keyValuePair key="pcw_smc_peripheral_clksrc" value="IO PLL" description="" />
   <keyValuePair key="pcw_smc_peripheral_freqmhz" value="100" description="" />
   <keyValuePair key="pcw_spi0_grp_ss0_enable" value="0" description="" />
   <keyValuePair key="pcw_spi0_grp_ss1_enable" value="0" description="" />
   <keyValuePair key="pcw_spi0_grp_ss2_enable" value="0" description="" />
   <keyValuePair key="pcw_spi0_peripheral_enable" value="0" description="" />
   <keyValuePair key="pcw_spi1_grp_ss0_enable" value="0" description="" />
   <keyValuePair key="pcw_spi1_grp_ss1_enable" value="0" description="" />
   <keyValuePair key="pcw_spi1_grp_ss2_enable" value="0" description="" />
   <keyValuePair key="pcw_spi1_peripheral_enable" value="0" description="" />
   <keyValuePair key="pcw_spi_peripheral_clksrc" value="IO PLL" description="" />
   <keyValuePair key="pcw_spi_peripheral_freqmhz" value="166.666666" description="" />
   <keyValuePair key="pcw_tpiu_peripheral_clksrc" value="External" description="" />
   <keyValuePair key="pcw_tpiu_peripheral_freqmhz" value="200" description="" />
   <keyValuePair key="pcw_trace_grp_16bit_enable" value="0" description="" />
   <keyValuePair key="pcw_trace_grp_2bit_enable" value="0" description="" />
   <keyValuePair key="pcw_trace_grp_32bit_enable" value="0" description="" />
   <keyValuePair key="pcw_trace_grp_4bit_enable" value="0" description="" />
   <keyValuePair key="pcw_trace_grp_8bit_enable" value="0" description="" />
   <keyValuePair key="pcw_trace_peripheral_enable" value="0" description="" />
   <keyValuePair key="pcw_ttc0_clk0_peripheral_clksrc" value="CPU_1X" description="" />
   <keyValuePair key="pcw_ttc0_clk0_peripheral_freqmhz" value="133.333333" description="" />
   <keyValuePair key="pcw_ttc0_clk1_peripheral_clksrc" value="CPU_1X" description="" />
   <keyValuePair key="pcw_ttc0_clk1_peripheral_freqmhz" value="133.333333" description="" />
   <keyValuePair key="pcw_ttc0_clk2_peripheral_clksrc" value="CPU_1X" description="" />
   <keyValuePair key="pcw_ttc0_clk2_peripheral_freqmhz" value="133.333333" description="" />
   <keyValuePair key="pcw_ttc0_peripheral_enable" value="0" description="" />
   <keyValuePair key="pcw_ttc1_clk0_peripheral_clksrc" value="CPU_1X" description="" />
   <keyValuePair key="pcw_ttc1_clk0_peripheral_freqmhz" value="133.333333" description="" />
   <keyValuePair key="pcw_ttc1_clk1_peripheral_clksrc" value="CPU_1X" description="" />
   <keyValuePair key="pcw_ttc1_clk1_peripheral_freqmhz" value="133.333333" description="" />
   <keyValuePair key="pcw_ttc1_clk2_peripheral_clksrc" value="CPU_1X" description="" />
   <keyValuePair key="pcw_ttc1_clk2_peripheral_freqmhz" value="133.333333" description="" />
   <keyValuePair key="pcw_ttc1_peripheral_enable" value="0" description="" />
   <keyValuePair key="pcw_ttc_peripheral_freqmhz" value="50" description="" />
   <keyValuePair key="pcw_uart0_baud_rate" value="115200" description="" />
   <keyValuePair key="pcw_uart0_grp_full_enable" value="0" description="" />
   <keyValuePair key="pcw_uart0_peripheral_enable" value="0" description="" />
   <keyValuePair key="pcw_uart1_baud_rate" value="115200" description="" />
   <keyValuePair key="pcw_uart1_grp_full_enable" value="0" description="" />
   <keyValuePair key="pcw_uart1_peripheral_enable" value="1" description="" />
   <keyValuePair key="pcw_uart1_uart1_io" value="MIO 48 .. 49" description="" />
   <keyValuePair key="pcw_uart_peripheral_clksrc" value="IO PLL" description="" />
   <keyValuePair key="pcw_uart_peripheral_freqmhz" value="100" description="" />
   <keyValuePair key="pcw_uiparam_ddr_adv_enable" value="0" description="" />
   <keyValuePair key="pcw_uiparam_ddr_al" value="0" description="" />
   <keyValuePair key="pcw_uiparam_ddr_bank_addr_count" value="3" description="" />
   <keyValuePair key="pcw_uiparam_ddr_bl" value="8" description="" />
   <keyValuePair key="pcw_uiparam_ddr_board_delay0" value="0.221" description="" />
   <keyValuePair key="pcw_uiparam_ddr_board_delay1" value="0.222" description="" />
   <keyValuePair key="pcw_uiparam_ddr_board_delay2" value="0.217" description="" />
   <keyValuePair key="pcw_uiparam_ddr_board_delay3" value="0.244" description="" />
   <keyValuePair key="pcw_uiparam_ddr_bus_width" value="32 Bit" description="" />
   <keyValuePair key="pcw_uiparam_ddr_cl" value="7" description="" />
   <keyValuePair key="pcw_uiparam_ddr_clock_0_length_mm" value="18.8" description="" />
   <keyValuePair key="pcw_uiparam_ddr_clock_0_package_length" value="80.4535" description="" />
   <keyValuePair key="pcw_uiparam_ddr_clock_0_propogation_delay" value="160" description="" />
   <keyValuePair key="pcw_uiparam_ddr_clock_1_length_mm" value="18.8" description="" />
   <keyValuePair key="pcw_uiparam_ddr_clock_1_package_length" value="80.4535" description="" />
   <keyValuePair key="pcw_uiparam_ddr_clock_1_propogation_delay" value="160" description="" />
   <keyValuePair key="pcw_uiparam_ddr_clock_2_length_mm" value="18.8" description="" />
   <keyValuePair key="pcw_uiparam_ddr_clock_2_package_length" value="80.4535" description="" />
   <keyValuePair key="pcw_uiparam_ddr_clock_2_propogation_delay" value="160" description="" />
   <keyValuePair key="pcw_uiparam_ddr_clock_3_length_mm" value="18.8" description="" />
   <keyValuePair key="pcw_uiparam_ddr_clock_3_package_length" value="80.4535" description="" />
   <keyValuePair key="pcw_uiparam_ddr_clock_3_propogation_delay" value="160" description="" />
   <keyValuePair key="pcw_uiparam_ddr_clock_stop_en" value="0" description="" />
   <keyValuePair key="pcw_uiparam_ddr_col_addr_count" value="10" description="" />
   <keyValuePair key="pcw_uiparam_ddr_cwl" value="6" description="" />
   <keyValuePair key="pcw_uiparam_ddr_device_capacity" value="4096 MBits" description="" />
   <keyValuePair key="pcw_uiparam_ddr_dq_0_length_mm" value="22.8" description="" />
   <keyValuePair key="pcw_uiparam_ddr_dq_0_package_length" value="98.503" description="" />
   <keyValuePair key="pcw_uiparam_ddr_dq_0_propogation_delay" value="160" description="" />
   <keyValuePair key="pcw_uiparam_ddr_dq_1_length_mm" value="27.9" description="" />
   <keyValuePair key="pcw_uiparam_ddr_dq_1_package_length" value="68.5855" description="" />
   <keyValuePair key="pcw_uiparam_ddr_dq_1_propogation_delay" value="160" description="" />
   <keyValuePair key="pcw_uiparam_ddr_dq_2_length_mm" value="22.9" description="" />
   <keyValuePair key="pcw_uiparam_ddr_dq_2_package_length" value="90.295" description="" />
   <keyValuePair key="pcw_uiparam_ddr_dq_2_propogation_delay" value="160" description="" />
   <keyValuePair key="pcw_uiparam_ddr_dq_3_length_mm" value="29.4" description="" />
   <keyValuePair key="pcw_uiparam_ddr_dq_3_package_length" value="103.977" description="" />
   <keyValuePair key="pcw_uiparam_ddr_dq_3_propogation_delay" value="160" description="" />
   <keyValuePair key="pcw_uiparam_ddr_dqs_0_length_mm" value="22.8" description="" />
   <keyValuePair key="pcw_uiparam_ddr_dqs_0_package_length" value="105.056" description="" />
   <keyValuePair key="pcw_uiparam_ddr_dqs_0_propogation_delay" value="160" description="" />
   <keyValuePair key="pcw_uiparam_ddr_dqs_1_length_mm" value="27.9" description="" />
   <keyValuePair key="pcw_uiparam_ddr_dqs_1_package_length" value="66.904" description="" />
   <keyValuePair key="pcw_uiparam_ddr_dqs_1_propogation_delay" value="160" description="" />
   <keyValuePair key="pcw_uiparam_ddr_dqs_2_length_mm" value="22.9" description="" />
   <keyValuePair key="pcw_uiparam_ddr_dqs_2_package_length" value="89.1715" description="" />
   <keyValuePair key="pcw_uiparam_ddr_dqs_2_propogation_delay" value="160" description="" />
   <keyValuePair key="pcw_uiparam_ddr_dqs_3_length_mm" value="29.4" description="" />
   <keyValuePair key="pcw_uiparam_ddr_dqs_3_package_length" value="113.63" description="" />
   <keyValuePair key="pcw_uiparam_ddr_dqs_3_propogation_delay" value="160" description="" />
   <keyValuePair key="pcw_uiparam_ddr_dqs_to_clk_delay_0" value="-0.050" description="" />
   <keyValuePair key="pcw_uiparam_ddr_dqs_to_clk_delay_1" value="-0.044" description="" />
   <keyValuePair key="pcw_uiparam_ddr_dqs_to_clk_delay_2" value="-0.035" description="" />
   <keyValuePair key="pcw_uiparam_ddr_dqs_to_clk_delay_3" value="-0.100" description="" />
   <keyValuePair key="pcw_uiparam_ddr_dram_width" value="16 Bits" description="" />
   <keyValuePair key="pcw_uiparam_ddr_ecc" value="Disabled" description="" />
   <keyValuePair key="pcw_uiparam_ddr_enable" value="1" description="" />
   <keyValuePair key="pcw_uiparam_ddr_freq_mhz" value="533.333333" description="" />
   <keyValuePair key="pcw_uiparam_ddr_high_temp" value="Normal (0-85)" description="" />
   <keyValuePair key="pcw_uiparam_ddr_memory_type" value="DDR 3 (Low Voltage)" description="" />
   <keyValuePair key="pcw_uiparam_ddr_partno" value="MT41K256M16 RE-125" description="" />
   <keyValuePair key="pcw_uiparam_ddr_row_addr_count" value="15" description="" />
   <keyValuePair key="pcw_uiparam_ddr_speed_bin" value="DDR3_1066F" description="" />
   <keyValuePair key="pcw_uiparam_ddr_t_faw" value="40.0" description="" />
   <keyValuePair key="pcw_uiparam_ddr_t_ras_min" value="35.0" description="" />
   <keyValuePair key="pcw_uiparam_ddr_t_rc" value="48.75" description="" />
   <keyValuePair key="pcw_uiparam_ddr_t_rcd" value="7" description="" />
   <keyValuePair key="pcw_uiparam_ddr_t_rp" value="7" description="" />
   <keyValuePair key="pcw_uiparam_ddr_train_data_eye" value="1" description="" />
   <keyValuePair key="pcw_uiparam_ddr_train_read_gate" value="1" description="" />
   <keyValuePair key="pcw_uiparam_ddr_train_write_level" value="1" description="" />
   <keyValuePair key="pcw_uiparam_ddr_use_internal_vref" value="0" description="" />
   <keyValuePair key="pcw_usb0_peripheral_enable" value="1" description="" />
   <keyValuePair key="pcw_usb0_peripheral_freqmhz" value="60" description="" />
   <keyValuePair key="pcw_usb0_reset_enable" value="1" description="" />
   <keyValuePair key="pcw_usb0_reset_io" value="MIO 46" description="" />
   <keyValuePair key="pcw_usb0_usb0_io" value="MIO 28 .. 39" description="" />
   <keyValuePair key="pcw_usb1_peripheral_enable" value="0" description="" />
   <keyValuePair key="pcw_usb1_peripheral_freqmhz" value="60" description="" />
   <keyValuePair key="pcw_usb1_reset_enable" value="0" description="" />
   <keyValuePair key="pcw_usb_reset_polarity" value="Active Low" description="" />
   <keyValuePair key="pcw_use_cross_trigger" value="0" description="" />
   <keyValuePair key="pcw_use_m_axi_gp0" value="1" description="" />
   <keyValuePair key="pcw_use_m_axi_gp1" value="0" description="" />
   <keyValuePair key="pcw_use_s_axi_acp" value="0" description="" />
   <keyValuePair key="pcw_use_s_axi_gp0" value="0" description="" />
   <keyValuePair key="pcw_use_s_axi_gp1" value="0" description="" />
   <keyValuePair key="pcw_use_s_axi_hp0" value="0" description="" />
   <keyValuePair key="pcw_use_s_axi_hp1" value="0" description="" />
   <keyValuePair key="pcw_use_s_axi_hp2" value="0" description="" />
   <keyValuePair key="pcw_use_s_axi_hp3" value="0" description="" />
   <keyValuePair key="pcw_wdt_peripheral_clksrc" value="CPU_1X" description="" />
   <keyValuePair key="pcw_wdt_peripheral_enable" value="0" description="" />
   <keyValuePair key="pcw_wdt_peripheral_freqmhz" value="133.333333" description="" />
  </section>
  <section name="processing_system7_v5_5_processing_system7/1" level="2" order="29" description="">
   <keyValuePair key="c_dm_width" value="4" description="" />
   <keyValuePair key="c_dq_width" value="32" description="" />
   <keyValuePair key="c_dqs_width" value="4" description="" />
   <keyValuePair key="c_emio_gpio_width" value="64" description="" />
   <keyValuePair key="c_en_emio_enet0" value="0" description="" />
   <keyValuePair key="c_en_emio_enet1" value="0" description="" />
   <keyValuePair key="c_en_emio_pjtag" value="0" description="" />
   <keyValuePair key="c_en_emio_trace" value="0" description="" />
   <keyValuePair key="c_fclk_clk0_buf" value="TRUE" description="" />
   <keyValuePair key="c_fclk_clk1_buf" value="FALSE" description="" />
   <keyValuePair key="c_fclk_clk2_buf" value="FALSE" description="" />
   <keyValuePair key="c_fclk_clk3_buf" value="FALSE" description="" />
   <keyValuePair key="c_gp0_en_modifiable_txn" value="1" description="" />
   <keyValuePair key="c_gp1_en_modifiable_txn" value="1" description="" />
   <keyValuePair key="c_include_acp_trans_check" value="0" description="" />
   <keyValuePair key="c_include_trace_buffer" value="0" description="" />
   <keyValuePair key="c_irq_f2p_mode" value="DIRECT" description="" />
   <keyValuePair key="c_m_axi_gp0_enable_static_remap" value="0" description="" />
   <keyValuePair key="c_m_axi_gp0_id_width" value="12" description="" />
   <keyValuePair key="c_m_axi_gp0_thread_id_width" value="12" description="" />
   <keyValuePair key="c_m_axi_gp1_enable_static_remap" value="0" description="" />
   <keyValuePair key="c_m_axi_gp1_id_width" value="12" description="" />
   <keyValuePair key="c_m_axi_gp1_thread_id_width" value="12" description="" />
   <keyValuePair key="c_mio_primitive" value="54" description="" />
   <keyValuePair key="c_num_f2p_intr_inputs" value="1" description="" />
   <keyValuePair key="c_package_name" value="clg400" description="" />
   <keyValuePair key="c_ps7_si_rev" value="PRODUCTION" description="" />
   <keyValuePair key="c_s_axi_acp_aruser_val" value="31" description="" />
   <keyValuePair key="c_s_axi_acp_awuser_val" value="31" description="" />
   <keyValuePair key="c_s_axi_acp_id_width" value="3" description="" />
   <keyValuePair key="c_s_axi_gp0_id_width" value="6" description="" />
   <keyValuePair key="c_s_axi_gp1_id_width" value="6" description="" />
   <keyValuePair key="c_s_axi_hp0_data_width" value="64" description="" />
   <keyValuePair key="c_s_axi_hp0_id_width" value="6" description="" />
   <keyValuePair key="c_s_axi_hp1_data_width" value="64" description="" />
   <keyValuePair key="c_s_axi_hp1_id_width" value="6" description="" />
   <keyValuePair key="c_s_axi_hp2_data_width" value="64" description="" />
   <keyValuePair key="c_s_axi_hp2_id_width" value="6" description="" />
   <keyValuePair key="c_s_axi_hp3_data_width" value="64" description="" />
   <keyValuePair key="c_s_axi_hp3_id_width" value="6" description="" />
   <keyValuePair key="c_trace_buffer_clock_delay" value="12" description="" />
   <keyValuePair key="c_trace_buffer_fifo_size" value="128" description="" />
   <keyValuePair key="c_trace_internal_width" value="2" description="" />
   <keyValuePair key="c_trace_pipeline_width" value="8" description="" />
   <keyValuePair key="c_use_axi_nonsecure" value="0" description="" />
   <keyValuePair key="c_use_default_acp_user_val" value="0" description="" />
   <keyValuePair key="c_use_m_axi_gp0" value="1" description="" />
   <keyValuePair key="c_use_m_axi_gp1" value="0" description="" />
   <keyValuePair key="c_use_s_axi_acp" value="0" description="" />
   <keyValuePair key="c_use_s_axi_gp0" value="0" description="" />
   <keyValuePair key="c_use_s_axi_gp1" value="0" description="" />
   <keyValuePair key="c_use_s_axi_hp0" value="0" description="" />
   <keyValuePair key="c_use_s_axi_hp1" value="0" description="" />
   <keyValuePair key="c_use_s_axi_hp2" value="0" description="" />
   <keyValuePair key="c_use_s_axi_hp3" value="0" description="" />
   <keyValuePair key="core_container" value="NA" description="" />
   <keyValuePair key="iptotal" value="1" description="" />
   <keyValuePair key="use_trace_data_edge_detector" value="0" description="" />
   <keyValuePair key="x_ipcorerevision" value="6" description="" />
   <keyValuePair key="x_iplanguage" value="VHDL" description="" />
   <keyValuePair key="x_iplibrary" value="ip" description="" />
   <keyValuePair key="x_ipname" value="processing_system7" description="" />
   <keyValuePair key="x_ipproduct" value="Vivado 2017.4" description="" />
   <keyValuePair key="x_ipsimlanguage" value="MIXED" description="" />
   <keyValuePair key="x_ipvendor" value="xilinx.com" description="" />
   <keyValuePair key="x_ipversion" value="5.5" description="" />
  </section>
  <section name="pwm_controller/1" level="2" order="30" description="">
   <keyValuePair key="core_container" value="NA" description="" />
   <keyValuePair key="iptotal" value="1" description="" />
   <keyValuePair key="x_ipcorerevision" value="1" description="" />
   <keyValuePair key="x_iplanguage" value="VHDL" description="" />
   <keyValuePair key="x_iplibrary" value="module_ref" description="" />
   <keyValuePair key="x_ipname" value="pwm_controller" description="" />
   <keyValuePair key="x_ipproduct" value="Vivado 2017.4" description="" />
   <keyValuePair key="x_ipsimlanguage" value="MIXED" description="" />
   <keyValuePair key="x_ipvendor" value="xilinx.com" description="" />
   <keyValuePair key="x_ipversion" value="1.0" description="" />
  </section>
  <section name="pwm_controller/2" level="2" order="31" description="">
   <keyValuePair key="core_container" value="NA" description="" />
   <keyValuePair key="iptotal" value="1" description="" />
   <keyValuePair key="x_ipcorerevision" value="1" description="" />
   <keyValuePair key="x_iplanguage" value="VHDL" description="" />
   <keyValuePair key="x_iplibrary" value="module_ref" description="" />
   <keyValuePair key="x_ipname" value="pwm_controller" description="" />
   <keyValuePair key="x_ipproduct" value="Vivado 2017.4" description="" />
   <keyValuePair key="x_ipsimlanguage" value="MIXED" description="" />
   <keyValuePair key="x_ipvendor" value="xilinx.com" description="" />
   <keyValuePair key="x_ipversion" value="1.0" description="" />
  </section>
  <section name="pwm_controller/3" level="2" order="32" description="">
   <keyValuePair key="core_container" value="NA" description="" />
   <keyValuePair key="iptotal" value="1" description="" />
   <keyValuePair key="x_ipcorerevision" value="1" description="" />
   <keyValuePair key="x_iplanguage" value="VHDL" description="" />
   <keyValuePair key="x_iplibrary" value="module_ref" description="" />
   <keyValuePair key="x_ipname" value="pwm_controller" description="" />
   <keyValuePair key="x_ipproduct" value="Vivado 2017.4" description="" />
   <keyValuePair key="x_ipsimlanguage" value="MIXED" description="" />
   <keyValuePair key="x_ipvendor" value="xilinx.com" description="" />
   <keyValuePair key="x_ipversion" value="1.0" description="" />
  </section>
  <section name="pwm_controller/4" level="2" order="33" description="">
   <keyValuePair key="core_container" value="NA" description="" />
   <keyValuePair key="iptotal" value="1" description="" />
   <keyValuePair key="x_ipcorerevision" value="1" description="" />
   <keyValuePair key="x_iplanguage" value="VHDL" description="" />
   <keyValuePair key="x_iplibrary" value="module_ref" description="" />
   <keyValuePair key="x_ipname" value="pwm_controller" description="" />
   <keyValuePair key="x_ipproduct" value="Vivado 2017.4" description="" />
   <keyValuePair key="x_ipsimlanguage" value="MIXED" description="" />
   <keyValuePair key="x_ipvendor" value="xilinx.com" description="" />
   <keyValuePair key="x_ipversion" value="1.0" description="" />
  </section>
 </section>
 <section name="report_drc" level="1" order="4" description="">
  <section name="command_line_options" level="2" order="1" description="">
   <keyValuePair key="-append" value="default::[not_specified]" description="" />
   <keyValuePair key="-checks" value="default::[not_specified]" description="" />
   <keyValuePair key="-fail_on" value="default::[not_specified]" description="" />
   <keyValuePair key="-force" value="default::[not_specified]" description="" />
   <keyValuePair key="-format" value="default::[not_specified]" description="" />
   <keyValuePair key="-messages" value="default::[not_specified]" description="" />
   <keyValuePair key="-name" value="default::[not_specified]" description="" />
   <keyValuePair key="-return_string" value="default::[not_specified]" description="" />
   <keyValuePair key="-ruledecks" value="default::[not_specified]" description="" />
   <keyValuePair key="-upgrade_cw" value="default::[not_specified]" description="" />
   <keyValuePair key="-waived" value="default::[not_specified]" description="" />
  </section>
 </section>
 <section name="report_utilization" level="1" order="5" description="">
  <section name="clocking" level="2" order="1" description="">
   <keyValuePair key="bufgctrl_available" value="32" description="" />
   <keyValuePair key="bufgctrl_fixed" value="0" description="" />
   <keyValuePair key="bufgctrl_used" value="5" description="" />
   <keyValuePair key="bufgctrl_util_percentage" value="15.63" description="" />
   <keyValuePair key="bufhce_available" value="72" description="" />
   <keyValuePair key="bufhce_fixed" value="0" description="" />
   <keyValuePair key="bufhce_used" value="0" description="" />
   <keyValuePair key="bufhce_util_percentage" value="0.00" description="" />
   <keyValuePair key="bufio_available" value="16" description="" />
   <keyValuePair key="bufio_fixed" value="0" description="" />
   <keyValuePair key="bufio_used" value="0" description="" />
   <keyValuePair key="bufio_util_percentage" value="0.00" description="" />
   <keyValuePair key="bufmrce_available" value="8" description="" />
   <keyValuePair key="bufmrce_fixed" value="0" description="" />
   <keyValuePair key="bufmrce_used" value="0" description="" />
   <keyValuePair key="bufmrce_util_percentage" value="0.00" description="" />
   <keyValuePair key="bufr_available" value="16" description="" />
   <keyValuePair key="bufr_fixed" value="0" description="" />
   <keyValuePair key="bufr_used" value="0" description="" />
   <keyValuePair key="bufr_util_percentage" value="0.00" description="" />
   <keyValuePair key="mmcme2_adv_available" value="4" description="" />
   <keyValuePair key="mmcme2_adv_fixed" value="0" description="" />
   <keyValuePair key="mmcme2_adv_used" value="1" description="" />
   <keyValuePair key="mmcme2_adv_util_percentage" value="25.00" description="" />
   <keyValuePair key="plle2_adv_available" value="4" description="" />
   <keyValuePair key="plle2_adv_fixed" value="0" description="" />
   <keyValuePair key="plle2_adv_used" value="0" description="" />
   <keyValuePair key="plle2_adv_util_percentage" value="0.00" description="" />
  </section>
  <section name="dsp" level="2" order="2" description="">
   <keyValuePair key="dsps_available" value="220" description="" />
   <keyValuePair key="dsps_fixed" value="0" description="" />
   <keyValuePair key="dsps_used" value="0" description="" />
   <keyValuePair key="dsps_util_percentage" value="0.00" description="" />
  </section>
  <section name="io_standard" level="2" order="3" description="">
   <keyValuePair key="blvds_25" value="0" description="" />
   <keyValuePair key="diff_hstl_i" value="0" description="" />
   <keyValuePair key="diff_hstl_i_18" value="0" description="" />
   <keyValuePair key="diff_hstl_ii" value="0" description="" />
   <keyValuePair key="diff_hstl_ii_18" value="0" description="" />
   <keyValuePair key="diff_hsul_12" value="0" description="" />
   <keyValuePair key="diff_mobile_ddr" value="0" description="" />
   <keyValuePair key="diff_sstl135" value="1" description="" />
   <keyValuePair key="diff_sstl135_r" value="0" description="" />
   <keyValuePair key="diff_sstl15" value="0" description="" />
   <keyValuePair key="diff_sstl15_r" value="0" description="" />
   <keyValuePair key="diff_sstl18_i" value="0" description="" />
   <keyValuePair key="diff_sstl18_ii" value="0" description="" />
   <keyValuePair key="hstl_i" value="0" description="" />
   <keyValuePair key="hstl_i_18" value="0" description="" />
   <keyValuePair key="hstl_ii" value="0" description="" />
   <keyValuePair key="hstl_ii_18" value="0" description="" />
   <keyValuePair key="hsul_12" value="0" description="" />
   <keyValuePair key="lvcmos12" value="0" description="" />
   <keyValuePair key="lvcmos15" value="0" description="" />
   <keyValuePair key="lvcmos18" value="1" description="" />
   <keyValuePair key="lvcmos25" value="0" description="" />
   <keyValuePair key="lvcmos33" value="1" description="" />
   <keyValuePair key="lvds_25" value="0" description="" />
   <keyValuePair key="lvttl" value="0" description="" />
   <keyValuePair key="mini_lvds_25" value="0" description="" />
   <keyValuePair key="mobile_ddr" value="0" description="" />
   <keyValuePair key="pci33_3" value="0" description="" />
   <keyValuePair key="ppds_25" value="0" description="" />
   <keyValuePair key="rsds_25" value="0" description="" />
   <keyValuePair key="sstl135" value="1" description="" />
   <keyValuePair key="sstl135_r" value="0" description="" />
   <keyValuePair key="sstl15" value="0" description="" />
   <keyValuePair key="sstl15_r" value="0" description="" />
   <keyValuePair key="sstl18_i" value="0" description="" />
   <keyValuePair key="sstl18_ii" value="0" description="" />
   <keyValuePair key="tmds_33" value="0" description="" />
  </section>
  <section name="memory" level="2" order="4" description="">
   <keyValuePair key="block_ram_tile_available" value="140" description="" />
   <keyValuePair key="block_ram_tile_fixed" value="0" description="" />
   <keyValuePair key="block_ram_tile_used" value="0" description="" />
   <keyValuePair key="block_ram_tile_util_percentage" value="0.00" description="" />
   <keyValuePair key="ramb18_available" value="280" description="" />
   <keyValuePair key="ramb18_fixed" value="0" description="" />
   <keyValuePair key="ramb18_used" value="0" description="" />
   <keyValuePair key="ramb18_util_percentage" value="0.00" description="" />
   <keyValuePair key="ramb36_fifo_available" value="140" description="" />
   <keyValuePair key="ramb36_fifo_fixed" value="0" description="" />
   <keyValuePair key="ramb36_fifo_used" value="0" description="" />
   <keyValuePair key="ramb36_fifo_util_percentage" value="0.00" description="" />
  </section>
  <section name="primitives" level="2" order="5" description="">
   <keyValuePair key="bibuf_functional_category" value="IO" description="" />
   <keyValuePair key="bibuf_used" value="130" description="" />
   <keyValuePair key="bufg_functional_category" value="Clock" description="" />
   <keyValuePair key="bufg_used" value="5" description="" />
   <keyValuePair key="carry4_functional_category" value="CarryLogic" description="" />
   <keyValuePair key="carry4_used" value="50" description="" />
   <keyValuePair key="fdce_functional_category" value="Flop &amp; Latch" description="" />
   <keyValuePair key="fdce_used" value="125" description="" />
   <keyValuePair key="fdre_functional_category" value="Flop &amp; Latch" description="" />
   <keyValuePair key="fdre_used" value="586" description="" />
   <keyValuePair key="fdse_functional_category" value="Flop &amp; Latch" description="" />
   <keyValuePair key="fdse_used" value="54" description="" />
   <keyValuePair key="ibuf_functional_category" value="IO" description="" />
   <keyValuePair key="ibuf_used" value="11" description="" />
   <keyValuePair key="ldce_functional_category" value="Flop &amp; Latch" description="" />
   <keyValuePair key="ldce_used" value="34" description="" />
   <keyValuePair key="lut1_functional_category" value="LUT" description="" />
   <keyValuePair key="lut1_used" value="69" description="" />
   <keyValuePair key="lut2_functional_category" value="LUT" description="" />
   <keyValuePair key="lut2_used" value="43" description="" />
   <keyValuePair key="lut3_functional_category" value="LUT" description="" />
   <keyValuePair key="lut3_used" value="208" description="" />
   <keyValuePair key="lut4_functional_category" value="LUT" description="" />
   <keyValuePair key="lut4_used" value="175" description="" />
   <keyValuePair key="lut5_functional_category" value="LUT" description="" />
   <keyValuePair key="lut5_used" value="171" description="" />
   <keyValuePair key="lut6_functional_category" value="LUT" description="" />
   <keyValuePair key="lut6_used" value="129" description="" />
   <keyValuePair key="mmcme2_adv_functional_category" value="Clock" description="" />
   <keyValuePair key="mmcme2_adv_used" value="1" description="" />
   <keyValuePair key="obuf_functional_category" value="IO" description="" />
   <keyValuePair key="obuf_used" value="8" description="" />
   <keyValuePair key="ps7_functional_category" value="Specialized Resource" description="" />
   <keyValuePair key="ps7_used" value="1" description="" />
   <keyValuePair key="srl16e_functional_category" value="Distributed Memory" description="" />
   <keyValuePair key="srl16e_used" value="19" description="" />
   <keyValuePair key="srlc32e_functional_category" value="Distributed Memory" description="" />
   <keyValuePair key="srlc32e_used" value="45" description="" />
  </section>
  <section name="slice_logic" level="2" order="6" description="">
   <keyValuePair key="f7_muxes_available" value="26600" description="" />
   <keyValuePair key="f7_muxes_fixed" value="0" description="" />
   <keyValuePair key="f7_muxes_used" value="0" description="" />
   <keyValuePair key="f7_muxes_util_percentage" value="0.00" description="" />
   <keyValuePair key="f8_muxes_available" value="13300" description="" />
   <keyValuePair key="f8_muxes_fixed" value="0" description="" />
   <keyValuePair key="f8_muxes_used" value="0" description="" />
   <keyValuePair key="f8_muxes_util_percentage" value="0.00" description="" />
   <keyValuePair key="fully_used_lut_ff_pairs_fixed" value="0.75" description="" />
   <keyValuePair key="fully_used_lut_ff_pairs_used" value="84" description="" />
   <keyValuePair key="lut_as_distributed_ram_fixed" value="0" description="" />
   <keyValuePair key="lut_as_distributed_ram_fixed" value="0" description="" />
   <keyValuePair key="lut_as_distributed_ram_used" value="0" description="" />
   <keyValuePair key="lut_as_distributed_ram_used" value="0" description="" />
   <keyValuePair key="lut_as_logic_available" value="53200" description="" />
   <keyValuePair key="lut_as_logic_available" value="53200" description="" />
   <keyValuePair key="lut_as_logic_fixed" value="0" description="" />
   <keyValuePair key="lut_as_logic_fixed" value="0" description="" />
   <keyValuePair key="lut_as_logic_used" value="649" description="" />
   <keyValuePair key="lut_as_logic_used" value="649" description="" />
   <keyValuePair key="lut_as_logic_util_percentage" value="1.22" description="" />
   <keyValuePair key="lut_as_logic_util_percentage" value="1.22" description="" />
   <keyValuePair key="lut_as_memory_available" value="17400" description="" />
   <keyValuePair key="lut_as_memory_available" value="17400" description="" />
   <keyValuePair key="lut_as_memory_fixed" value="0" description="" />
   <keyValuePair key="lut_as_memory_fixed" value="0" description="" />
   <keyValuePair key="lut_as_memory_used" value="60" description="" />
   <keyValuePair key="lut_as_memory_used" value="60" description="" />
   <keyValuePair key="lut_as_memory_util_percentage" value="0.34" description="" />
   <keyValuePair key="lut_as_memory_util_percentage" value="0.34" description="" />
   <keyValuePair key="lut_as_shift_register_fixed" value="0" description="" />
   <keyValuePair key="lut_as_shift_register_fixed" value="0" description="" />
   <keyValuePair key="lut_as_shift_register_used" value="60" description="" />
   <keyValuePair key="lut_as_shift_register_used" value="60" description="" />
   <keyValuePair key="lut_ff_pairs_with_one_unused_flip_flop_fixed" value="60" description="" />
   <keyValuePair key="lut_ff_pairs_with_one_unused_flip_flop_used" value="238" description="" />
   <keyValuePair key="lut_ff_pairs_with_one_unused_lut_output_fixed" value="238" description="" />
   <keyValuePair key="lut_ff_pairs_with_one_unused_lut_output_used" value="236" description="" />
   <keyValuePair key="lut_flip_flop_pairs_available" value="53200" description="" />
   <keyValuePair key="lut_flip_flop_pairs_fixed" value="0" description="" />
   <keyValuePair key="lut_flip_flop_pairs_used" value="343" description="" />
   <keyValuePair key="lut_flip_flop_pairs_util_percentage" value="0.64" description="" />
   <keyValuePair key="register_as_flip_flop_available" value="106400" description="" />
   <keyValuePair key="register_as_flip_flop_fixed" value="0" description="" />
   <keyValuePair key="register_as_flip_flop_used" value="765" description="" />
   <keyValuePair key="register_as_flip_flop_util_percentage" value="0.72" description="" />
   <keyValuePair key="register_as_latch_available" value="106400" description="" />
   <keyValuePair key="register_as_latch_fixed" value="0" description="" />
   <keyValuePair key="register_as_latch_used" value="34" description="" />
   <keyValuePair key="register_as_latch_util_percentage" value="0.03" description="" />
   <keyValuePair key="slice_available" value="13300" description="" />
   <keyValuePair key="slice_fixed" value="0" description="" />
   <keyValuePair key="slice_luts_available" value="53200" description="" />
   <keyValuePair key="slice_luts_fixed" value="0" description="" />
   <keyValuePair key="slice_luts_used" value="709" description="" />
   <keyValuePair key="slice_luts_util_percentage" value="1.33" description="" />
   <keyValuePair key="slice_registers_available" value="106400" description="" />
   <keyValuePair key="slice_registers_fixed" value="0" description="" />
   <keyValuePair key="slice_registers_used" value="799" description="" />
   <keyValuePair key="slice_registers_util_percentage" value="0.75" description="" />
   <keyValuePair key="slice_used" value="263" description="" />
   <keyValuePair key="slice_util_percentage" value="1.98" description="" />
   <keyValuePair key="slicel_fixed" value="0" description="" />
   <keyValuePair key="slicel_used" value="172" description="" />
   <keyValuePair key="slicem_fixed" value="0" description="" />
   <keyValuePair key="slicem_used" value="91" description="" />
   <keyValuePair key="unique_control_sets_used" value="55" description="" />
   <keyValuePair key="using_o5_and_o6_fixed" value="55" description="" />
   <keyValuePair key="using_o5_and_o6_used" value="4" description="" />
   <keyValuePair key="using_o5_output_only_fixed" value="4" description="" />
   <keyValuePair key="using_o5_output_only_used" value="0" description="" />
   <keyValuePair key="using_o6_output_only_fixed" value="0" description="" />
   <keyValuePair key="using_o6_output_only_used" value="56" description="" />
  </section>
  <section name="specific_feature" level="2" order="7" description="">
   <keyValuePair key="bscane2_available" value="4" description="" />
   <keyValuePair key="bscane2_fixed" value="0" description="" />
   <keyValuePair key="bscane2_used" value="0" description="" />
   <keyValuePair key="bscane2_util_percentage" value="0.00" description="" />
   <keyValuePair key="capturee2_available" value="1" description="" />
   <keyValuePair key="capturee2_fixed" value="0" description="" />
   <keyValuePair key="capturee2_used" value="0" description="" />
   <keyValuePair key="capturee2_util_percentage" value="0.00" description="" />
   <keyValuePair key="dna_port_available" value="1" description="" />
   <keyValuePair key="dna_port_fixed" value="0" description="" />
   <keyValuePair key="dna_port_used" value="0" description="" />
   <keyValuePair key="dna_port_util_percentage" value="0.00" description="" />
   <keyValuePair key="efuse_usr_available" value="1" description="" />
   <keyValuePair key="efuse_usr_fixed" value="0" description="" />
   <keyValuePair key="efuse_usr_used" value="0" description="" />
   <keyValuePair key="efuse_usr_util_percentage" value="0.00" description="" />
   <keyValuePair key="frame_ecce2_available" value="1" description="" />
   <keyValuePair key="frame_ecce2_fixed" value="0" description="" />
   <keyValuePair key="frame_ecce2_used" value="0" description="" />
   <keyValuePair key="frame_ecce2_util_percentage" value="0.00" description="" />
   <keyValuePair key="icape2_available" value="2" description="" />
   <keyValuePair key="icape2_fixed" value="0" description="" />
   <keyValuePair key="icape2_used" value="0" description="" />
   <keyValuePair key="icape2_util_percentage" value="0.00" description="" />
   <keyValuePair key="startupe2_available" value="1" description="" />
   <keyValuePair key="startupe2_fixed" value="0" description="" />
   <keyValuePair key="startupe2_used" value="0" description="" />
   <keyValuePair key="startupe2_util_percentage" value="0.00" description="" />
   <keyValuePair key="xadc_available" value="1" description="" />
   <keyValuePair key="xadc_fixed" value="0" description="" />
   <keyValuePair key="xadc_used" value="0" description="" />
   <keyValuePair key="xadc_util_percentage" value="0.00" description="" />
  </section>
 </section>
 <section name="router" level="1" order="6" description="">
  <section name="usage" level="2" order="1" description="">
   <keyValuePair key="actual_expansions" value="1457311" description="" />
   <keyValuePair key="bogomips" value="5387" description="" />
   <keyValuePair key="bram18" value="0" description="" />
   <keyValuePair key="bram36" value="0" description="" />
   <keyValuePair key="bufg" value="0" description="" />
   <keyValuePair key="bufr" value="0" description="" />
   <keyValuePair key="congestion_level" value="0" description="" />
   <keyValuePair key="ctrls" value="55" description="" />
   <keyValuePair key="dsp" value="0" description="" />
   <keyValuePair key="effort" value="2" description="" />
   <keyValuePair key="estimated_expansions" value="976140" description="" />
   <keyValuePair key="ff" value="799" description="" />
   <keyValuePair key="global_clocks" value="5" description="" />
   <keyValuePair key="high_fanout_nets" value="2" description="" />
   <keyValuePair key="iob" value="19" description="" />
   <keyValuePair key="lut" value="750" description="" />
   <keyValuePair key="movable_instances" value="1952" description="" />
   <keyValuePair key="nets" value="3804" description="" />
   <keyValuePair key="pins" value="13170" description="" />
   <keyValuePair key="pll" value="0" description="" />
   <keyValuePair key="router_runtime" value="0.000000" description="" />
   <keyValuePair key="router_timing_driven" value="1" description="" />
   <keyValuePair key="threads" value="4" description="" />
   <keyValuePair key="timing_constraints_exist" value="1" description="" />
  </section>
 </section>
 <section name="synthesis" level="1" order="7" description="">
  <section name="command_line_options" level="2" order="1" description="">
   <keyValuePair key="-assert" value="default::[not_specified]" description="" />
   <keyValuePair key="-bufg" value="default::12" description="" />
   <keyValuePair key="-cascade_dsp" value="default::auto" description="" />
   <keyValuePair key="-constrset" value="default::[not_specified]" description="" />
   <keyValuePair key="-control_set_opt_threshold" value="default::auto" description="" />
   <keyValuePair key="-directive" value="default::default" description="" />
   <keyValuePair key="-fanout_limit" value="default::10000" description="" />
   <keyValuePair key="-flatten_hierarchy" value="default::rebuilt" description="" />
   <keyValuePair key="-fsm_extraction" value="default::auto" description="" />
   <keyValuePair key="-gated_clock_conversion" value="default::off" description="" />
   <keyValuePair key="-generic" value="default::[not_specified]" description="" />
   <keyValuePair key="-include_dirs" value="default::[not_specified]" description="" />
   <keyValuePair key="-keep_equivalent_registers" value="default::[not_specified]" description="" />
   <keyValuePair key="-max_bram" value="default::-1" description="" />
   <keyValuePair key="-max_bram_cascade_height" value="default::-1" description="" />
   <keyValuePair key="-max_dsp" value="default::-1" description="" />
   <keyValuePair key="-max_uram" value="default::-1" description="" />
   <keyValuePair key="-max_uram_cascade_height" value="default::-1" description="" />
   <keyValuePair key="-mode" value="default::default" description="" />
   <keyValuePair key="-name" value="default::[not_specified]" description="" />
   <keyValuePair key="-no_lc" value="default::[not_specified]" description="" />
   <keyValuePair key="-no_srlextract" value="default::[not_specified]" description="" />
   <keyValuePair key="-no_timing_driven" value="default::[not_specified]" description="" />
   <keyValuePair key="-part" value="xc7z020clg400-1" description="" />
   <keyValuePair key="-resource_sharing" value="default::auto" description="" />
   <keyValuePair key="-retiming" value="default::[not_specified]" description="" />
   <keyValuePair key="-rtl" value="default::[not_specified]" description="" />
   <keyValuePair key="-rtl_skip_constraints" value="default::[not_specified]" description="" />
   <keyValuePair key="-rtl_skip_ip" value="default::[not_specified]" description="" />
   <keyValuePair key="-seu_protect" value="default::none" description="" />
   <keyValuePair key="-sfcu" value="default::[not_specified]" description="" />
   <keyValuePair key="-shreg_min_size" value="default::3" description="" />
   <keyValuePair key="-top" value="lowlevel_core_wrapper" description="" />
   <keyValuePair key="-verilog_define" value="default::[not_specified]" description="" />
  </section>
  <section name="usage" level="2" order="2" description="">
   <keyValuePair key="elapsed" value="00:01:00s" description="" />
   <keyValuePair key="hls_ip" value="0" description="" />
   <keyValuePair key="memory_gain" value="485.191MB" description="" />
   <keyValuePair key="memory_peak" value="1728.762MB" description="" />
  </section>
 </section>
 <section name="unisim_transformation" level="1" order="8" description="">
  <section name="post_unisim_transformation" level="2" order="1" description="">
   <keyValuePair key="bibuf" value="130" description="" />
   <keyValuePair key="bufg" value="5" description="" />
   <keyValuePair key="carry4" value="62" description="" />
   <keyValuePair key="fdce" value="125" description="" />
   <keyValuePair key="fdre" value="756" description="" />
   <keyValuePair key="fdse" value="55" description="" />
   <keyValuePair key="gnd" value="42" description="" />
   <keyValuePair key="ibuf" value="11" description="" />
   <keyValuePair key="ldce" value="34" description="" />
   <keyValuePair key="lut1" value="185" description="" />
   <keyValuePair key="lut2" value="45" description="" />
   <keyValuePair key="lut3" value="281" description="" />
   <keyValuePair key="lut4" value="164" description="" />
   <keyValuePair key="lut5" value="176" description="" />
   <keyValuePair key="lut6" value="181" description="" />
   <keyValuePair key="mmcme2_adv" value="1" description="" />
   <keyValuePair key="obuf" value="8" description="" />
   <keyValuePair key="ps7" value="1" description="" />
   <keyValuePair key="srl16e" value="19" description="" />
   <keyValuePair key="srlc32e" value="47" description="" />
   <keyValuePair key="vcc" value="53" description="" />
  </section>
  <section name="pre_unisim_transformation" level="2" order="2" description="">
   <keyValuePair key="bibuf" value="130" description="" />
   <keyValuePair key="bufg" value="5" description="" />
   <keyValuePair key="carry4" value="62" description="" />
   <keyValuePair key="fdce" value="125" description="" />
   <keyValuePair key="fdre" value="756" description="" />
   <keyValuePair key="fdse" value="55" description="" />
   <keyValuePair key="gnd" value="42" description="" />
   <keyValuePair key="ibuf" value="11" description="" />
   <keyValuePair key="ldce" value="34" description="" />
   <keyValuePair key="lut1" value="185" description="" />
   <keyValuePair key="lut2" value="45" description="" />
   <keyValuePair key="lut3" value="281" description="" />
   <keyValuePair key="lut4" value="164" description="" />
   <keyValuePair key="lut5" value="176" description="" />
   <keyValuePair key="lut6" value="181" description="" />
   <keyValuePair key="mmcme2_adv" value="1" description="" />
   <keyValuePair key="obuf" value="8" description="" />
   <keyValuePair key="ps7" value="1" description="" />
   <keyValuePair key="srl16e" value="19" description="" />
   <keyValuePair key="srlc32e" value="47" description="" />
   <keyValuePair key="vcc" value="53" description="" />
  </section>
 </section>
 <section name="vivado_usage" level="1" order="9" description="">
  <section name="gui_handlers" level="2" order="1" description="">
   <keyValuePair key="abstractfileview_reload" value="1" description="" />
   <keyValuePair key="addrepositoryinfodialog_ok" value="2" description="" />
   <keyValuePair key="applyrsbmultiautomationdialog_checkbox_tree" value="4" description="" />
   <keyValuePair key="basedialog_cancel" value="18" description="" />
   <keyValuePair key="basedialog_ok" value="66" description="" />
   <keyValuePair key="basedialog_yes" value="5" description="" />
   <keyValuePair key="cmdmsgdialog_ok" value="8" description="" />
   <keyValuePair key="cmdmsgdialog_open_messages_view" value="1" description="" />
   <keyValuePair key="commandsinput_type_tcl_command_here" value="47" description="" />
   <keyValuePair key="confirmsavetexteditsdialog_yes" value="2" description="" />
   <keyValuePair key="constraintschooserpanel_add_files" value="2" description="" />
   <keyValuePair key="coreandinterfacesbasetreetablepanel_add_repository" value="1" description="" />
   <keyValuePair key="coretreetablepanel_core_tree_table" value="19" description="" />
   <keyValuePair key="designtimingsumsectionpanel_worst_negative_slack" value="1" description="" />
   <keyValuePair key="expreporttreepanel_exp_report_tree_table" value="64" description="" />
   <keyValuePair key="expruntreepanel_exp_run_tree_table" value="12" description="" />
   <keyValuePair key="filesetpanel_file_set_panel_tree" value="183" description="" />
   <keyValuePair key="filesetpanel_messages" value="5" description="" />
   <keyValuePair key="flownavigatortreepanel_flow_navigator_tree" value="117" description="" />
   <keyValuePair key="gettingstartedview_open_project" value="1" description="" />
   <keyValuePair key="graphicalview_zoom_in" value="12" description="" />
   <keyValuePair key="graphicalview_zoom_out" value="5" description="" />
   <keyValuePair key="hcodeeditor_search_text_combo_box" value="7" description="" />
   <keyValuePair key="mainmenumgr_export" value="1" description="" />
   <keyValuePair key="mainmenumgr_file" value="4" description="" />
   <keyValuePair key="mainmenumgr_open_recent_file" value="1" description="" />
   <keyValuePair key="mainmenumgr_open_recent_project" value="2" description="" />
   <keyValuePair key="maintoolbarmgr_open" value="1" description="" />
   <keyValuePair key="mainwintoolbarmgr_select_or_save_window_layout" value="2" description="" />
   <keyValuePair key="msgtreepanel_message_view_tree" value="61" description="" />
   <keyValuePair key="msgview_clear_messages_resulting_from_user_executed" value="9" description="" />
   <keyValuePair key="msgview_critical_warnings" value="1" description="" />
   <keyValuePair key="msgview_information_messages" value="1" description="" />
   <keyValuePair key="navigabletimingreporttab_timing_report_navigation_tree" value="19" description="" />
   <keyValuePair key="newexporthardwaredialog_include_bitstream" value="1" description="" />
   <keyValuePair key="pacommandnames_add_sources" value="1" description="" />
   <keyValuePair key="pacommandnames_auto_update_hier" value="6" description="" />
   <keyValuePair key="pacommandnames_create_top_hdl" value="4" description="" />
   <keyValuePair key="pacommandnames_export_hardware" value="1" description="" />
   <keyValuePair key="pacommandnames_goto_implemented_design" value="1" description="" />
   <keyValuePair key="pacommandnames_refresh_rsb_block" value="1" description="" />
   <keyValuePair key="pacommandnames_reset_composite_file" value="3" description="" />
   <keyValuePair key="pacommandnames_run_bitgen" value="1" description="" />
   <keyValuePair key="pacommandnames_simulation_reset" value="1" description="" />
   <keyValuePair key="pacommandnames_simulation_run" value="1" description="" />
   <keyValuePair key="pacommandnames_simulation_run_behavioral" value="11" description="" />
   <keyValuePair key="pacommandnames_src_disable" value="2" description="" />
   <keyValuePair key="pacommandnames_view_inst_templ" value="1" description="" />
   <keyValuePair key="pacommandnames_zoom_in" value="5" description="" />
   <keyValuePair key="paviews_code" value="3" description="" />
   <keyValuePair key="paviews_par_report" value="1" description="" />
   <keyValuePair key="paviews_system" value="1" description="" />
   <keyValuePair key="progressdialog_background" value="4" description="" />
   <keyValuePair key="progressdialog_cancel" value="6" description="" />
   <keyValuePair key="rdicommands_delete" value="1" description="" />
   <keyValuePair key="rdicommands_properties" value="1" description="" />
   <keyValuePair key="rdiviews_waveform_viewer" value="75" description="" />
   <keyValuePair key="rsbapplyautomationbar_run_block_automation" value="2" description="" />
   <keyValuePair key="rsbapplyautomationbar_run_connection_automation" value="2" description="" />
   <keyValuePair key="saveprojectutils_save" value="9" description="" />
   <keyValuePair key="selectmenu_highlight" value="1" description="" />
   <keyValuePair key="simpleoutputproductdialog_close_dialog_unsaved_changes_will" value="3" description="" />
   <keyValuePair key="simpleoutputproductdialog_output_product_tree" value="2" description="" />
   <keyValuePair key="simpleoutputproductdialog_reset_output_products" value="1" description="" />
   <keyValuePair key="simulationobjectspanel_simulation_objects_tree_table" value="90" description="" />
   <keyValuePair key="simulationscopespanel_simulate_scope_table" value="141" description="" />
   <keyValuePair key="simulationscopesview_collapse_all" value="2" description="" />
   <keyValuePair key="simulationscopesview_expand_all" value="4" description="" />
   <keyValuePair key="srcchooserpanel_add_hdl_and_netlist_files_to_your_project" value="1" description="" />
   <keyValuePair key="srcfileproppanels_library" value="1" description="" />
   <keyValuePair key="srcfileproppanels_type" value="1" description="" />
   <keyValuePair key="srcmenu_ip_hierarchy" value="4" description="" />
   <keyValuePair key="srcmenu_refresh_hierarchy" value="1" description="" />
   <keyValuePair key="statemonitor_reset_run" value="3" description="" />
   <keyValuePair key="syntheticagettingstartedview_recent_projects" value="6" description="" />
   <keyValuePair key="syntheticastatemonitor_cancel" value="3" description="" />
   <keyValuePair key="systembuildermenu_add_ip" value="4" description="" />
   <keyValuePair key="systembuildermenu_add_module" value="2" description="" />
   <keyValuePair key="systembuildermenu_create_port" value="1" description="" />
   <keyValuePair key="systembuildermenu_ip_documentation" value="1" description="" />
   <keyValuePair key="systembuilderview_expand_collapse" value="4" description="" />
   <keyValuePair key="systembuilderview_orientation" value="3" description="" />
   <keyValuePair key="tclconsoleview_tcl_console_code_editor" value="2" description="" />
   <keyValuePair key="timingitemflattablepanel_table" value="4" description="" />
   <keyValuePair key="waveformnametree_waveform_name_tree" value="76" description="" />
   <keyValuePair key="waveformview_add_marker" value="3" description="" />
  </section>
  <section name="java_command_handlers" level="2" order="2" description="">
   <keyValuePair key="addsources" value="2" description="" />
   <keyValuePair key="coreview" value="2" description="" />
   <keyValuePair key="createtophdl" value="4" description="" />
   <keyValuePair key="customizecore" value="2" description="" />
   <keyValuePair key="customizersbblock" value="8" description="" />
   <keyValuePair key="editdelete" value="12" description="" />
   <keyValuePair key="editproperties" value="1" description="" />
   <keyValuePair key="editundo" value="7" description="" />
   <keyValuePair key="managecompositetargets" value="4" description="" />
   <keyValuePair key="newexporthardware" value="1" description="" />
   <keyValuePair key="openblockdesign" value="41" description="" />
   <keyValuePair key="openproject" value="1" description="" />
   <keyValuePair key="recustomizecore" value="2" description="" />
   <keyValuePair key="refreshrsbblock" value="1" description="" />
   <keyValuePair key="runbitgen" value="2" description="" />
   <keyValuePair key="runimplementation" value="9" description="" />
   <keyValuePair key="runsynthesis" value="17" description="" />
   <keyValuePair key="saversbdesign" value="1" description="" />
   <keyValuePair key="setsourceenabled" value="2" description="" />
   <keyValuePair key="showview" value="5" description="" />
   <keyValuePair key="simulationrun" value="11" description="" />
   <keyValuePair key="unselectallcmdhandler" value="1" description="" />
   <keyValuePair key="viewinsttempl" value="1" description="" />
   <keyValuePair key="viewlayoutcmd" value="2" description="" />
   <keyValuePair key="viewtaskimplementation" value="8" description="" />
   <keyValuePair key="viewtasksimulation" value="4" description="" />
   <keyValuePair key="viewtasksynthesis" value="1" description="" />
   <keyValuePair key="zoomin" value="4" description="" />
  </section>
  <section name="other_data" level="2" order="3" description="">
   <keyValuePair key="guimode" value="5" description="" />
  </section>
  <section name="project_data" level="2" order="4" description="">
   <keyValuePair key="constraintsetcount" value="1" description="" />
   <keyValuePair key="core_container" value="false" description="" />
   <keyValuePair key="currentimplrun" value="impl_1" description="" />
   <keyValuePair key="currentsynthesisrun" value="synth_1" description="" />
   <keyValuePair key="default_library" value="xil_defaultlib" description="" />
   <keyValuePair key="designmode" value="RTL" description="" />
   <keyValuePair key="export_simulation_activehdl" value="0" description="" />
   <keyValuePair key="export_simulation_ies" value="0" description="" />
   <keyValuePair key="export_simulation_modelsim" value="0" description="" />
   <keyValuePair key="export_simulation_questa" value="0" description="" />
   <keyValuePair key="export_simulation_riviera" value="0" description="" />
   <keyValuePair key="export_simulation_vcs" value="0" description="" />
   <keyValuePair key="export_simulation_xsim" value="0" description="" />
   <keyValuePair key="implstrategy" value="Vivado Implementation Defaults" description="" />
   <keyValuePair key="launch_simulation_activehdl" value="0" description="" />
   <keyValuePair key="launch_simulation_ies" value="0" description="" />
   <keyValuePair key="launch_simulation_modelsim" value="0" description="" />
   <keyValuePair key="launch_simulation_questa" value="0" description="" />
   <keyValuePair key="launch_simulation_riviera" value="0" description="" />
   <keyValuePair key="launch_simulation_vcs" value="0" description="" />
   <keyValuePair key="launch_simulation_xsim" value="24" description="" />
   <keyValuePair key="simulator_language" value="Mixed" description="" />
   <keyValuePair key="srcsetcount" value="13" description="" />
   <keyValuePair key="synthesisstrategy" value="Vivado Synthesis Defaults" description="" />
   <keyValuePair key="target_language" value="VHDL" description="" />
   <keyValuePair key="target_simulator" value="XSim" description="" />
   <keyValuePair key="totalimplruns" value="32" description="" />
   <keyValuePair key="totalsynthesisruns" value="32" description="" />
  </section>
 </section>
 <section name="xsim" level="1" order="10" description="">
  <section name="command_line_options" level="2" order="1" description="">
   <keyValuePair key="-sim_mode" value="default::behavioral" description="" />
   <keyValuePair key="-sim_type" value="default::" description="" />
  </section>
 </section>
</section>
</webTalkData>
