<?xml version="1.0" encoding="UTF-8"?>
<GenRun Id="lowlevel_core_counter_16_1_0_synth_1" LaunchPart="xc7z020clg400-1" LaunchTime="1580719663">
  <File Type="RDS-UTIL-PB" Name="lowlevel_core_counter_16_1_0_utilization_synth.pb"/>
  <File Type="RDS-UTIL" Name="lowlevel_core_counter_16_1_0_utilization_synth.rpt"/>
  <File Type="RDS-RDS" Name="lowlevel_core_counter_16_1_0.vds"/>
  <File Type="RDS-DCP" Name="lowlevel_core_counter_16_1_0.dcp"/>
  <File Type="PA-TCL" Name="lowlevel_core_counter_16_1_0.tcl"/>
  <File Type="REPORTS-TCL" Name="lowlevel_core_counter_16_1_0_reports.tcl"/>
  <FileSet Name="sources" Type="BlockSrcs" RelSrcDir="$PSRCDIR/lowlevel_core_counter_16_1_0">
    <File Path="$PSRCDIR/sources_1/bd/lowlevel_core/ip/lowlevel_core_counter_16_1_0/lowlevel_core_counter_16_1_0.xci">
      <FileInfo>
        <Attr Name="Library" Val="xil_defaultlib"/>
        <Attr Name="UsedIn" Val="synthesis"/>
        <Attr Name="UsedIn" Val="implementation"/>
        <Attr Name="UsedIn" Val="simulation"/>
        <Attr Name="ProcessingOrder" Val="EARLY"/>
      </FileInfo>
    </File>
    <Config>
      <Option Name="TopModule" Val="lowlevel_core_counter_16_1_0"/>
      <Option Name="UseBlackboxStub" Val="1"/>
    </Config>
  </FileSet>
  <FileSet Name="constrs_in" Type="BlockSrcs" RelSrcDir="$PSRCDIR/lowlevel_core_counter_16_1_0">
    <File Path="$PSRCDIR/sources_1/bd/lowlevel_core/ip/lowlevel_core_counter_16_1_0/lowlevel_core_counter_16_1_0.xci">
      <FileInfo>
        <Attr Name="Library" Val="xil_defaultlib"/>
        <Attr Name="UsedIn" Val="synthesis"/>
        <Attr Name="UsedIn" Val="implementation"/>
        <Attr Name="UsedIn" Val="simulation"/>
        <Attr Name="ProcessingOrder" Val="EARLY"/>
      </FileInfo>
    </File>
    <Config>
      <Option Name="TopModule" Val="lowlevel_core_counter_16_1_0"/>
      <Option Name="UseBlackboxStub" Val="1"/>
    </Config>
  </FileSet>
  <Strategy Version="1" Minor="2">
    <StratHandle Name="Vivado Synthesis Defaults" Flow="Vivado Synthesis 2017"/>
    <Step Id="synth_design"/>
  </Strategy>
</GenRun>
