<?xml version="1.0" encoding="UTF-8"?>
<GenRun Id="synth_1" LaunchPart="xc7z020clg400-1" LaunchTime="1580748388">
  <File Type="VDS-TIMING-PB" Name="lowlevel_core_wrapper_timing_summary_synth.pb"/>
  <File Type="VDS-TIMINGSUMMARY" Name="lowlevel_core_wrapper_timing_summary_synth.rpt"/>
  <File Type="RDS-DCP" Name="lowlevel_core_wrapper.dcp"/>
  <File Type="RDS-UTIL-PB" Name="lowlevel_core_wrapper_utilization_synth.pb"/>
  <File Type="RDS-UTIL" Name="lowlevel_core_wrapper_utilization_synth.rpt"/>
  <File Type="RDS-PROPCONSTRS" Name="lowlevel_core_wrapper_drc_synth.rpt"/>
  <File Type="RDS-RDS" Name="lowlevel_core_wrapper.vds"/>
  <File Type="REPORTS-TCL" Name="lowlevel_core_wrapper_reports.tcl"/>
  <File Type="PA-TCL" Name="lowlevel_core_wrapper.tcl"/>
  <FileSet Name="sources" Type="DesignSrcs" RelSrcDir="$PSRCDIR/sources_1">
    <Filter Type="Srcs"/>
    <File Path="$PSRCDIR/sources_1/imports/src/motor_controller_src/counter_period.vhd">
      <FileInfo>
        <Attr Name="ImportPath" Val="$PPRDIR/src/motor_controller_src/counter_period.vhd"/>
        <Attr Name="ImportTime" Val="1580137900"/>
        <Attr Name="UsedIn" Val="synthesis"/>
        <Attr Name="UsedIn" Val="simulation"/>
      </FileInfo>
    </File>
    <File Path="$PSRCDIR/sources_1/imports/src/motor_controller_src/pwm_controller.vhd">
      <FileInfo>
        <Attr Name="ImportPath" Val="$PPRDIR/src/motor_controller_src/pwm_controller.vhd"/>
        <Attr Name="ImportTime" Val="1579690028"/>
        <Attr Name="UsedIn" Val="synthesis"/>
        <Attr Name="UsedIn" Val="simulation"/>
      </FileInfo>
    </File>
    <File Path="$PSRCDIR/sources_1/imports/src/motor_controller_src/duty_reg.vhd">
      <FileInfo>
        <Attr Name="ImportPath" Val="$PPRDIR/src/motor_controller_src/duty_reg.vhd"/>
        <Attr Name="ImportTime" Val="1578955626"/>
        <Attr Name="UsedIn" Val="synthesis"/>
        <Attr Name="UsedIn" Val="simulation"/>
      </FileInfo>
    </File>
    <File Path="$PSRCDIR/sources_1/imports/src/motor_controller_src/comaprator.vhd">
      <FileInfo>
        <Attr Name="ImportPath" Val="$PPRDIR/src/motor_controller_src/comaprator.vhd"/>
        <Attr Name="ImportTime" Val="1580240156"/>
        <Attr Name="UsedIn" Val="synthesis"/>
        <Attr Name="UsedIn" Val="simulation"/>
      </FileInfo>
    </File>
    <File Path="$PSRCDIR/sources_1/imports/src/mux_src/mux_controller.vhd">
      <FileInfo>
        <Attr Name="ImportPath" Val="$PPRDIR/src/mux_src/mux_controller.vhd"/>
        <Attr Name="ImportTime" Val="1580133750"/>
        <Attr Name="UsedIn" Val="synthesis"/>
        <Attr Name="UsedIn" Val="simulation"/>
      </FileInfo>
    </File>
    <File Path="$PSRCDIR/sources_1/imports/src/mux_src/mulitplexer.vhd">
      <FileInfo>
        <Attr Name="ImportPath" Val="$PPRDIR/src/mux_src/mulitplexer.vhd"/>
        <Attr Name="ImportTime" Val="1579872530"/>
        <Attr Name="UsedIn" Val="synthesis"/>
        <Attr Name="UsedIn" Val="simulation"/>
      </FileInfo>
    </File>
    <File Path="$PSRCDIR/sources_1/imports/src/motor_controller_src/divider_2.vhd">
      <FileInfo>
        <Attr Name="ImportPath" Val="$PPRDIR/src/motor_controller_src/divider_2.vhd"/>
        <Attr Name="ImportTime" Val="1580234312"/>
        <Attr Name="UsedIn" Val="synthesis"/>
        <Attr Name="UsedIn" Val="simulation"/>
      </FileInfo>
    </File>
    <File Path="$PSRCDIR/sources_1/imports/src/quadrature_decoder_src/decoder4.vhd">
      <FileInfo>
        <Attr Name="ImportPath" Val="$PPRDIR/src/quadrature_decoder_src/decoder4.vhd"/>
        <Attr Name="ImportTime" Val="1575911380"/>
        <Attr Name="UsedIn" Val="synthesis"/>
        <Attr Name="UsedIn" Val="simulation"/>
      </FileInfo>
    </File>
    <File Path="$PSRCDIR/sources_1/imports/src/quadrature_decoder_src/counter_16.vhd">
      <FileInfo>
        <Attr Name="ImportPath" Val="$PPRDIR/src/quadrature_decoder_src/counter_16.vhd"/>
        <Attr Name="ImportTime" Val="1579279102"/>
        <Attr Name="UsedIn" Val="synthesis"/>
        <Attr Name="UsedIn" Val="simulation"/>
      </FileInfo>
    </File>
    <File Path="$PSRCDIR/sources_1/bd/lowlevel_core/lowlevel_core.bd">
      <FileInfo>
        <Attr Name="UsedIn" Val="synthesis"/>
        <Attr Name="UsedIn" Val="implementation"/>
        <Attr Name="UsedIn" Val="simulation"/>
      </FileInfo>
    </File>
    <File Path="$PSRCDIR/sources_1/bd/lowlevel_core/hdl/lowlevel_core_wrapper.vhd">
      <FileInfo>
        <Attr Name="UsedIn" Val="synthesis"/>
        <Attr Name="UsedIn" Val="simulation"/>
      </FileInfo>
    </File>
    <File Path="$PSRCDIR/sources_1/imports/src/motor_controller_src/motor_controller.vhd">
      <FileInfo>
        <Attr Name="AutoDisabled" Val="1"/>
        <Attr Name="ImportPath" Val="$PPRDIR/src/motor_controller_src/motor_controller.vhd"/>
        <Attr Name="ImportTime" Val="1579137078"/>
        <Attr Name="UsedIn" Val="synthesis"/>
        <Attr Name="UsedIn" Val="simulation"/>
      </FileInfo>
    </File>
    <File Path="$PSRCDIR/sources_1/imports/src/motor_controller_src/tristate_buffer.vhd">
      <FileInfo>
        <Attr Name="AutoDisabled" Val="1"/>
        <Attr Name="ImportPath" Val="$PPRDIR/src/motor_controller_src/tristate_buffer.vhd"/>
        <Attr Name="ImportTime" Val="1578958510"/>
        <Attr Name="UsedIn" Val="synthesis"/>
        <Attr Name="UsedIn" Val="simulation"/>
      </FileInfo>
    </File>
    <Config>
      <Option Name="DesignMode" Val="RTL"/>
      <Option Name="TopModule" Val="lowlevel_core_wrapper"/>
      <Option Name="TopAutoSet" Val="TRUE"/>
    </Config>
  </FileSet>
  <FileSet Name="constrs_in" Type="Constrs" RelSrcDir="$PSRCDIR/constrs_1">
    <Filter Type="Constrs"/>
    <File Path="$PPRDIR/Zybo-Z7-Master.xdc">
      <FileInfo>
        <Attr Name="UsedIn" Val="synthesis"/>
        <Attr Name="UsedIn" Val="implementation"/>
      </FileInfo>
    </File>
    <Config>
      <Option Name="ConstrsType" Val="XDC"/>
    </Config>
  </FileSet>
  <Strategy Version="1" Minor="2">
    <StratHandle Name="Vivado Synthesis Defaults" Flow="Vivado Synthesis 2017"/>
    <Step Id="synth_design"/>
  </Strategy>
  <BlockFileSet Type="BlockSrcs" Name="lowlevel_core_mux_contorller_0_0"/>
  <BlockFileSet Type="BlockSrcs" Name="lowlevel_core_proc_sys_reset_0_0"/>
  <BlockFileSet Type="BlockSrcs" Name="lowlevel_core_processing_system7_0_0"/>
  <BlockFileSet Type="BlockSrcs" Name="lowlevel_core_counter_16_1_0"/>
  <BlockFileSet Type="BlockSrcs" Name="lowlevel_core_counter_16_0_2"/>
  <BlockFileSet Type="BlockSrcs" Name="lowlevel_core_decoder4_2_1"/>
  <BlockFileSet Type="BlockSrcs" Name="lowlevel_core_decoder4_1_0"/>
  <BlockFileSet Type="BlockSrcs" Name="lowlevel_core_mulitplexer_0_0"/>
  <BlockFileSet Type="BlockSrcs" Name="lowlevel_core_decoder4_0_1"/>
  <BlockFileSet Type="BlockSrcs" Name="lowlevel_core_AXI_Mux32_0_0"/>
  <BlockFileSet Type="BlockSrcs" Name="lowlevel_core_decoder4_0_0"/>
  <BlockFileSet Type="BlockSrcs" Name="lowlevel_core_counter_16_2_0"/>
  <BlockFileSet Type="BlockSrcs" Name="lowlevel_core_comaprator_0_4"/>
  <BlockFileSet Type="BlockSrcs" Name="lowlevel_core_divider_2_0_0"/>
  <BlockFileSet Type="BlockSrcs" Name="lowlevel_core_pwm_controller_0_0"/>
  <BlockFileSet Type="BlockSrcs" Name="lowlevel_core_duty_reg_0_0"/>
  <BlockFileSet Type="BlockSrcs" Name="lowlevel_core_comaprator_0_1"/>
  <BlockFileSet Type="BlockSrcs" Name="lowlevel_core_counter_16_0_1"/>
  <BlockFileSet Type="BlockSrcs" Name="lowlevel_core_clk_wiz_0_0"/>
  <BlockFileSet Type="BlockSrcs" Name="lowlevel_core_pwm_controller_0_3"/>
  <BlockFileSet Type="BlockSrcs" Name="lowlevel_core_counter_period_0_1"/>
  <BlockFileSet Type="BlockSrcs" Name="lowlevel_core_duty_reg_0_4"/>
  <BlockFileSet Type="BlockSrcs" Name="lowlevel_core_counter_period_0_3"/>
  <BlockFileSet Type="BlockSrcs" Name="lowlevel_core_comaprator_0_3"/>
  <BlockFileSet Type="BlockSrcs" Name="lowlevel_core_pwm_controller_0_2"/>
  <BlockFileSet Type="BlockSrcs" Name="lowlevel_core_counter_period_0_0"/>
  <BlockFileSet Type="BlockSrcs" Name="lowlevel_core_duty_reg_0_3"/>
  <BlockFileSet Type="BlockSrcs" Name="lowlevel_core_counter_period_0_2"/>
  <BlockFileSet Type="BlockSrcs" Name="lowlevel_core_comaprator_0_2"/>
  <BlockFileSet Type="BlockSrcs" Name="lowlevel_core_pwm_controller_0_1"/>
  <BlockFileSet Type="BlockSrcs" Name="lowlevel_core_duty_reg_0_2"/>
</GenRun>
